"curated_column","description","source_column","source_column_num","abbreviation"
"absolute_related","ABSOLUTE-related percentage, fraction, or proportion measurement","ABSOLUTE_CANCER_DNA_FRACTION;ABSOLUTE_EXTRACT_PLOIDY;ABSOLUTE_GENOME_DOUBLINGS",3,NA
"acquired_related","ACQUIRED-related treatment, therapy, or medication information","ACQUIRED_AFTER_ALKALATOR_TREATMENT;ACQUIRED_AFTER_ANY_SYSTEMIC_TREATMENT",2,NA
"actionable_related","ACTIONABLE-related genetic mutations or molecular alterations","ACTIONABLE_ALTERATIONS;ACTIONABLE_LESION1",2,NA
"adjuvant_treatment","Post-surgical adjuvant therapy to reduce recurrence risk","ABLATION_EMBOLIZATION_TX_ADJUVANT;ADJUVANT;ADJUVANT_CT;ADJUVANT_CYCLES_NUM;ADJUVANT_TARGETED;ADJUVANT_TX;HISTORY_NEOADJUVANT_MEDICATION;HISTORY_NEOADJUVANT_STEROID_TX;HISTORY_NEOADJUVANT_TRTYN;HISTORY_NEOADJUVANT_TX_TYPE;NEOADJUVANT;NEOADJUVANT_TARGETED;NEOADJUVANT_TREATMENT_DETAILS;PHARM_TX_MITOTANE_ADJUVANT;RADADJUVANTRX;TOTAL_CYCLES_NUM_NEOADJUVANT_ADJUVANT",16,NA
"adrenal_related","ADRENAL-related temporal information or time measurements","ADRENAL_MONTHS;ADRENAL_STATUS",2,NA
"afp_related","AFP-related clinical, molecular, or pathological attributes","AFP_AT_PROCUREMENT;AFP_NORM_RANGE_LOWER;AFP_NORM_RANGE_UPPER;AFP_UG_L",4,NA
"age_at_allergy","Patient age in years at documented allergy occurrence","ANIMAL_INSECT_ALLERGY_AGE;FOOD_ALLERGY_AGE",2,NA
"age_at_diagnosis","Patient age in years at initial cancer diagnosis","AGE_AT_DIAGNOSIS;AGE_AT_DIAGNOSIS_GROUP;AGE_AT_DX;AGE_AT_INITIAL_DIAGNOSIS;AGE_AT_INITIAL_PATHOLOGIC_DIAGNOSIS;AGE_AT_SPECIMEN_DIAGNOSIS;DIAGNOSIS AGE;DX_BX_M_STAGE;DX_BX_N_STAGE;DX_BX_T_STAGE;DX_PSTAGE;DX_STAGE;INVASIVE_CARCINOMA_DX_AGE;M_STAGE_AT_DIAGNOSIS_COMPLEX;M_STAGE_AT_DIAGNOSIS_SIMPLE;N_STAGE_AT_DIAGNOSIS_COMPLEX;N_STAGE_AT_DIAGNOSIS_SIMPLE;PATIENT_AGE_AT_DIAGNOSIS;STAGE_AT_DIAGNOSIS;T_STAGE_AT_DIAGNOSIS_COMPLEX;T_STAGE_AT_DIAGNOSIS_SIMPLE",21,NA
"age_at_last_followup","Patient age in years at last clinical follow-up contact","AGE_AT_LAST_CONTACT;AGE_AT_LAST_FOLLOWUP;AGE_AT_LAST_KNOWN_CLINICAL_STATUS",3,NA
"age_at_metastasis","Patient age in years at metastasis detection or occurrence","AGE_AT_EVIDENCE_OF_METS;AGE_AT_MET;AGE_AT_METS",3,NA
"age_at_sample_collection","Patient age in years at specimen collection or procurement","AGE_AT_DERIVATION;AGE_AT_PROCUREMENT;AGE_AT_SAMPLE_COLLECTION;AGE_AT_SAMPLING;AGE_AT_SPECIMEN_ACQUISITION;AGE_AT_TCGA_SPECIMEN;SPECIMEN_STAGE",7,NA
"age_at_sequencing","Patient age in years at genomic sequencing or molecular testing","AGE_AT_SEQUENCING;AGE_AT_SEQ_REPORT;AGE_AT_SEQ_REPORTED_YEARS",3,NA
"age_at_surgery","Patient age in years at surgical procedure or resection","AGE_AT_RESECTION;AGE_AT_SURGERY;AGE_RESECTED;PRIMARY_SURGERY_M_STAGE;PRIMARY_SURGERY_N_STAGE;PRIMARY_SURGERY_T_STAGE",6,NA
"age_current","Patient current age in years at data collection","AGE_CURRENT;CURRENT_STAGE",2,NA
"age_group","Categorical age group or binned age classification","AGE_CLASS;AGE_GROUP",2,NA
"ajcc_related","AJCC-related clinical, molecular, or pathological attributes","AJCC_7;AJCC_8;AJCC_INCIDENTAL_PROSTATE_CANCER",3,"AJCC: American Joint Committee on Cancer"
"alcohol_related","ALCOHOL-related clinical, molecular, or pathological attributes","ALCOHOL_CONSUMPTION;ALCOHOL_CONSUMPTION_FREQUENCY;ALCOHOL_EXPOSURE_INTENSITY;ALCOHOL_HISTORY_DOCUMENTED;ALCOHOL_HISTORY_INTENSITY",5,NA
"aliquot_related","ALIQUOT-related clinical, molecular, or pathological attributes","ALIQUOT_BARCODE;ALIQUOT_ID",2,NA
"alk_related","ALK-related clinical, molecular, or pathological attributes","ALK_ANALYSIS_TYPE;ALK_DRIVER;ALK_FUSION;ALK_PROTEIN;ALK_TRANSLOCATION_STATUS",5,"ALK: Anaplastic Lymphoma Kinase"
"alkylating_related","ALKYLATING-related clinical, molecular, or pathological attributes","ALKYLATING_AGENT;ALKYLATING_TX",2,NA
"all_related","ALL-related clinical, molecular, or pathological attributes","ALL_MUTS;ALL_SYNS;ALL_TX_AT_MSK",3,"ALL: Acute Lymphoblastic Leukemia"
"alpelisib_related","ALPELISIB-related clinical, molecular, or pathological attributes","ALPELISIB_DOSE;ALPELISIB_SCHEDULING",2,NA
"amp_related","AMP-related clinical, molecular, or pathological attributes","AMP_12Q15_CDK4;AMP_12Q15_DDIT3;AMP_12Q15_FRS2;AMP_12Q15_HMGA2;AMP_12Q15_MDM2",5,NA
"aneuploidy_score","Quantitative measure of chromosomal copy number aberrations","ANEUPLOIDY_AMP_SCORE;ANEUPLOIDY_DEL_SCORE;ANEUPLOIDY_SCORE;PERCENT_ANEUPLOIDY",4,NA
"anti_related","ANTI-related clinical, molecular, or pathological attributes","ANTI-HCV;ANTI_INTEGRIN;ANTI_O_VIVERRINI_IGG",3,NA
"any_related","ANY-related clinical, molecular, or pathological attributes","ANY_COO;ANY_LINE_HORMONE;ANY_LINE_IMMUNO;ANY_LINE_IODINE;ANY_LINE_NTRK;ANY_LINE_TARGETED;ANY_SYSTX",7,NA
"anytime_related","ANYTIME-related temporal information or time measurements","ANYTIME_CANCER_LOC_ASCITES;ANYTIME_CANCER_LOC_AXILLARY_LYMPH_NODE;ANYTIME_CANCER_LOC_BONE;ANYTIME_CANCER_LOC_BRAIN;ANYTIME_CANCER_LOC_BREAST;ANYTIME_CANCER_LOC_CHEST_WALL;ANYTIME_CANCER_LOC_LIVER;ANYTIME_CANCER_LOC_LUNG;ANYTIME_CANCER_LOC_OTHER_LYMPH_NODE;ANYTIME_CANCER_LOC_OVARY;ANYTIME_CANCER_LOC_PLEURAL_EFFUSION;ANYTIME_CANCER_LOC_SKIN",12,NA
"apc_related","APC-related clinical, molecular, or pathological attributes","APC_CLUSTER;APC_GROUP;APC_GROUPS",3,NA
"araf_related","ARAF-related genetic mutations or molecular alterations","ARAF_MUTATION;ARAF_MUTATION_STATUS",2,NA
"arid1a_related","ARID1A-related clinical, molecular, or pathological attributes","ARID1A_DRIVER;ARID1A_MUTATION;ARID1A_PROTEIN;ARID1A_PROTEIN_CODING",4,NA
"ascn_related","ASCN-related clinical, molecular, or pathological attributes","ASCN_PLOIDY;ASCN_VERSION;ASCN_WGD",3,NA
"asthma_related","ASTHMA-related clinical, molecular, or pathological attributes","ASTHMA_ECZEMA_ALLERGY_FIRST_DIAGNOSIS;ASTHMA_HISTORY",2,NA
"atrx_related","ATRX-related clinical, molecular, or pathological attributes","ATRX_DELETION;ATRX_STATUS",2,NA
"baseline_related","BASELINE-related clinical, molecular, or pathological attributes","BASELINE_ECOG;BASELINE_ERBB2_ANY_NGS;BASELINE_ERBB2_PLASMA_NGS;BASELINE_ERBB2_TISSUE_NGS;BASELINE_EXTERNAL_HER2_IHC_FISH;BASELINE_INTERNAL_HER2_IHC_FISH;BASELINE_MSK_ERBB2_STATUS_IHC_FISH_OR_TISSUE_PLASMA_NGS;BASELINE_PD_L1_STATUS;BASELINE_RTK_RAS_ALTERED",9,NA
"bcl2_related","BCL2-related clinical, molecular, or pathological attributes","BCL2_BA;BCL2_FISH_STATUS",2,NA
"bcl6_related","BCL6-related clinical, molecular, or pathological attributes","BCL6_BA;BCL6_FISH_STATUS",2,NA
"bcr_related","BCR-related clinical status, score, or measurement","BCR_ABL1_STATUS;BCR_STATUS",2,NA
"best_related","BEST-related clinical, molecular, or pathological attributes","BEST_ORR;BEST_OVERALL_RESPONSE;BEST_OVERALL_RESPONSE_BOR;BEST_RANO_RESPONSE;BEST_RESPONSE;BEST_RESPONSE_ADC;BEST_RESPONSE_TO_PD1_INHIBITOR(RANO)",7,NA
"bilirubin_related","BILIRUBIN-related clinical, molecular, or pathological attributes","BILIRUBIN_TOTAL;BILIRUBIN_TOTAL_NORM_RANGE_LOWER;BILIRUBIN_TOTAL_NORM_RANGE_UPPER",3,NA
"biopsy_related","BIOPSY-related clinical, molecular, or pathological attributes","BIOPSY_CONTAINS_MIP;BIOPSY_CONTAINS_SOLID;BIOPSY_CONTEXT;BIOPSY_GLEASON_SCORE;BIOPSY_GLEASON_SCORE_1;BIOPSY_GLEASON_SCORE_2;BIOPSY_OBTAINED;BIOPSY_SITE;BIOPSY_SITE_CATEG;BIOPSY_TIME",10,NA
"blast_percentage","Blast cell percentage in blood or bone marrow","BM_BLAST_PERCENTAGE;BONE_MARROW_LEUKEMIC_BLAST_PERCENTAGE;PB_BLAST_PERCENTAGE;PERIPHERAL_BLASTS_PERCENTAGE",4,NA
"block_related","BLOCK-related clinical, molecular, or pathological attributes","BLOCK_ACCESSION;BLOCK_ID",2,NA
"bmi","Body mass index calculated from weight and height","BMI;BMI_CLASS;BMI_DELTA_DAYS;BMI_DELTA_VALUE;FINAL_BMI_CLASS;FINAL_BMI_NUMBER;INITIAL_BMI_NUMBER;SUBMITTED_TUMOR_DX_DAYS_TO",8,"BMI: Body Mass Index"
"bone_related","BONE-related clinical, molecular, or pathological attributes","BONE_FSM;BONE_MARROW_BIOPSY_PERFORMED;BONE_MARROW_INVOLVEMENT;BONE_MARROW_POS;BONE_MARROW_SITE_OF_RELAPSE;BONE_MONTHS;BONE_SCAN_RESULT;BONE_STATUS;BONE_TIME_INTERVAL",9,NA
"braf_related","BRAF-related clinical, molecular, or pathological attributes","BRAF_DRIVER;BRAF_GENE_ANALYSIS_INDICATOR;BRAF_GENE_ANALYSIS_RESULT;BRAF_KIAA1549_FUSION;BRAF_MUTATION;BRAF_MUTATION_STATUS;BRAF_PROTEIN;BRAF_RELA_STATUS;BRAF_STATUS;BRAF_STATUS2;BRAF_V600E_STATUS",11,"BRAF: B-Raf Proto-Oncogene"
"brafv600e_related","BRAFV600E-related clinical status, score, or measurement","BRAFV600E_RAF_SCORE;BRAFV600E_RAS",2,NA
"brca1_related","BRCA1-related clinical, molecular, or pathological attributes","BRCA1_CNA;BRCA1_GERMLINE_MUT;BRCA1_MUTATION",3,NA
"brca2_related","BRCA2-related clinical, molecular, or pathological attributes","BRCA2_CNA;BRCA2_GERMLINE_MUT;BRCA2_MUTATION",3,NA
"bxher2_related","BXHER2-related clinical, molecular, or pathological attributes","BXHER2_COPY;BXHER2_RATIO",2,NA
"ca19_related","CA19-related clinical, molecular, or pathological attributes","CA19_9_U_ML;CA19_HIGH",2,NA
"calc_related","CALC-related clinical, molecular, or pathological attributes","CALC_MET_SETTING;CALC_TIME_TO_METS_DX_DAYS;CALC_TIME_TO_METS_DX_MONTHS;CALC_TIME_TO_RALP;CALC_TREATMENT_NAIVE",5,NA
"cancer_related","CANCER-related percentage, fraction, or proportion measurement","CANCER_DNA_FRACTION;CANCER_IDENTIFICATION_IDC;CANCER_IDENTIFICATION_ILC;CANCER_IDENTIFICATION_MIDLC;CANCER_PREDISPOSITIONS;CANCER_PROCUREMENT_STATE_PROVINCE;CANCER_SUBTYPE_CURATED;CANCER_TYPE_ACRONYM",8,NA
"cancer_type","Primary cancer type or disease category classification","CANCER TYPE;CANCER_TYPE;DETAILED_CANCER_TYPE;FAMILY_HISTORY_CANCER_TYPE;ONCOTREE_CODE_CANCER_TYPE;OTHER_CANCER_TYPE;PRD_OTHER_CANCER_TYPE;PRIMARY_DIAGNOSIS",8,NA
"cancer_type_detailed","Detailed cancer histological subtype or molecular classification","BONE_MARROW_SAMPLE_HISTOLOGY;BX_HISTOLOGY;CANCER_TYPE_DETAILED;CANCER_TYPE_DETAILED_CODE;CANCER_TYPE_HISTOLOGY;DX_BX_HISTOLOGY;DX_HISTOLOGY;GYN_DIAGNOSIS_HISTOLOGY;HISTOLOGICAL_TYPE;HISTOLOGICAL_TYPE_OTHER;HISTOLOGY;ICD_O_3_HISTOLOGY;INITIAL_HISTOLOGY;OVERALL_PATIENT_HISTOLOGY;PRIMARY_HISTOLOGY;PRIMARY_SURGERY_HISTOLOGY;PRIMARY_SURGERY_VARIENT_HISTOLOGY;SHORT_HISTOLOGY;SPECIAL_HISTOLOGY;TUMOR_SAMPLE_HISTOLOGY;VARIANT_HISTOLOGY",21,NA
"capture_related","CAPTURE-related clinical, molecular, or pathological attributes","CAPTURE_ARV7_SRPM;CAPTURE_BAIT_SET",2,NA
"cause_related","CAUSE-related clinical, molecular, or pathological attributes","CAUSE_OF_DEATH;CAUSE_OF_DEATH_SOURCE",2,NA
"cbest_related","CBEST-related clinical, molecular, or pathological attributes","CBEST_B_MEM;CBEST_B_NAIVE;CBEST_DENDRITIC_ACT;CBEST_DENDRITIC_REST;CBEST_EOSINOPHILS;CBEST_MACRO_M0;CBEST_MACRO_M1;CBEST_MACRO_M2;CBEST_MAST_ACT;CBEST_MAST_REST;CBEST_MONO;CBEST_NEUTROPHILS;CBEST_NK_ACT;CBEST_NK_REST;CBEST_PLASMA;CBEST_T_CD4_MEM_ACT;CBEST_T_CD4_MEM_REST;CBEST_T_CD4_NAIVE;CBEST_T_CD8;CBEST_T_FOLLI_HEL;CBEST_T_G_D;CBEST_T_REG",22,NA
"cd3_related","CD3-related clinical, molecular, or pathological attributes","CD3_TILS_COUNTS;CD3_TILS_STATUS",2,NA
"cdk12_related","CDK12-related clinical, molecular, or pathological attributes","CDK12_CNA;CDK12_MUT",2,NA
"cdkn1b_related","CDKN1B-related clinical, molecular, or pathological attributes","CDKN1B_CNA;CDKN1B_MUT",2,NA
"cdkn2a_related","CDKN2A-related clinical, molecular, or pathological attributes","CDKN2A_MET;CDKN2A_PATHWAY_ALTERATION_STATUS;CDKN2A_SILENCING",3,NA
"cebpa_related","CEBPA-related clinical, molecular, or pathological attributes","CEBPA_BIALLELIC;CEBPA_BIALLELIC_MUTATION;CEBPA_MUTATION",3,NA
"cell_related","CELL-related clinical, molecular, or pathological attributes","CELL_CYCLE;CELL_DIFFERENTIATION;CELL_LINE_SOURCE;CELL_MEMBRANE_PDL1_0PERCENT;CELL_MEMBRANE_PDL1_1PLUS_PERCENT;CELL_MEMBRANE_PDL1_2PLUS_PERCENT;CELL_MEMBRANE_PDL1_3PLUS_PERCENT;CELL_OF_ORIGIN;CELL_TYPE",9,NA
"chd1_related","CHD1-related clinical, molecular, or pathological attributes","CHD1_CNA;CHD1_MUTATION",2,NA
"chr_related","CHR-related clinical, molecular, or pathological attributes","CHR_19_20_CO_GAIN;CHR_7_GAIN_CHR_10_LOSS;CHR_TP53_LOCUS",3,NA
"cibersort_related","CIBERSORT-related clinical, molecular, or pathological attributes","CIBERSORT_ABSOLUTE;CIBERSORT_ABSOLUTE _SCORE;CIBERSORT_ABSOLUTESCORE;CIBERSORT_ABSOLUTE_SCORE;CIBERSORT_B _CELLS _MEMORY;CIBERSORT_B _CELLS _NAIVE;CIBERSORT_CORRELATION;CIBERSORT_DENDRITIC _CELLS _ACTIVATED;CIBERSORT_DENDRITIC _CELLS _RESTING;CIBERSORT_EOSINOPHILS;CIBERSORT_MACROPHAGES _M0;CIBERSORT_MACROPHAGES _M1;CIBERSORT_MACROPHAGES _M2;CIBERSORT_MAST _CELLS _ACTIVATED;CIBERSORT_MAST _CELLS _RESTING;CIBERSORT_MONOCYTES;CIBERSORT_NEUTROPHILS;CIBERSORT_NK _CELLS _ACTIVATED;CIBERSORT_NK _CELLS _RESTING;CIBERSORT_P;CIBERSORT_PLASMA _CELLS;CIBERSORT_RMSE;CIBERSORT_T _CELLS _CD4 _MEMORY _ACTIVATED;CIBERSORT_T _CELLS _CD4 _MEMORY _RESTING;CIBERSORT_T _CELLS _CD4 _NAIVE;CIBERSORT_T _CELLS _CD8;CIBERSORT_T _CELLS _FOLLICULAR _HELPER;CIBERSORT_T _CELLS _GAMMA _DELTA;CIBERSORT_T _CELLS _REGULATORY _(TREGS)",29,"CIBERSORT: Cell-type Identification By Estimating Relative Subsets Of RNA Transcripts"
"cimp_related","CIMP-related clinical, molecular, or pathological attributes","CIMP_CATEGORY;CIMP_STATUS;CIMP_STATUS_METH",3,NA
"ckit_related","CKIT-related genetic mutations or molecular alterations","CKIT_EXON_17_MUTATION;CKIT_EXON_8_MUTATION",2,NA
"clinical_related","CLINICAL-related clinical, molecular, or pathological attributes","CLINICAL_ASSESSMENT;CLINICAL_ASSOCIATION;CLINICAL_BENEFIT;CLINICAL_GLEASON;CLINICAL_GLEASON_CATEGORY;CLINICAL_GLEASON_SUM;CLINICAL_LN_POSITIVE;CLINICAL_ONSET_AML;CLINICAL_PDL1_SCORE;CLINICAL_STATE;CLINICAL_STATUS_AT_COLLECTION_EVENT;CLINICAL_STATUS_WITHIN_3_MTHS_SURGERY;CLINICAL_TRIAL;CLINICAL_TRIAL_1L;CLINICAL_TRIAL_2L;CLINICAL_TRIAL_3L",16,NA
"clonal_related","CLONAL-related clinical, molecular, or pathological attributes","CLONAL_LABEL;CLONAL_STRONG_BINDING_NEOANTIGENS_PER_MB",2,NA
"cna_related","CNA-related clinical, molecular, or pathological attributes","CNA_CLUSTER_K4;CNA_DATA;CNA_PROP",3,NA
"cnacs_related","CNACS-related clinical, molecular, or pathological attributes","CNACS_CHRARM_GAIN;CNACS_CHRARM_LOSS;CNACS_CHRARM_UPD;CNACS_GENE_GAIN;CNACS_GENE_LOSS;CNACS_GENE_UPD",6,NA
"cns_related","CNS-related clinical, molecular, or pathological attributes","CNS_DISEASE;CNS_INVOLVEMENT;CNS_MONTHS;CNS_RELAPSE;CNS_SITE_OF_RELAPSE;CNS_STATUS",6,NA
"cnv_related","CNV-related clinical, molecular, or pathological attributes","CNV_1Q_AMP;CNV_1Q_DEL;CNV_3Q_AMP;CNV_3Q_DEL;CNV_4Q_AMP;CNV_4Q_DEL;CNV_AMP;CNV_CLASS;CNV_DEL;CNV_IDX",10,"CNV: Copy Number Variation"
"collection_indicator","Prospective or retrospective sample collection indicator","PROSPECTIVE_COLLECTION;RETROSPECTIVE_COLLECTION;TISSUE_PROSPECTIVE_COLLECTION_INDICATOR;TISSUE_RETROSPECTIVE_COLLECTION_INDICATOR",4,NA
"complete_related","COMPLETE-related clinical, molecular, or pathological attributes","COMPLETE_DATA;COMPLETE_TCGA_ID",2,NA
"consensus_related","CONSENSUS-related clinical status, score, or measurement","CONSENSUS_HR_STATUS;CONSENSUS_SIGNATURE",2,NA
"contiguous_related","CONTIGUOUS-related clinical, molecular, or pathological attributes","CONTIGUOUS_ORGAN_INVADED;CONTIGUOUS_ORGAN_RESECTION;CONTIGUOUS_ORGAN_RESECTION_OTHER",3,NA
"coo_related","COO-related clinical, molecular, or pathological attributes","COO_GEP;COO_LYMPH2CX",2,NA
"copy_related","COPY-related clinical, molecular, or pathological attributes","COPY_NUMBER;COPY_NUMBER_CLUSTER",2,NA
"country_related","COUNTRY-related clinical, molecular, or pathological attributes","COUNTRY_OF_ORIGIN;COUNTRY_OF_PROCUREMENT",2,NA
"crdb_related","CRDB-related clinical, molecular, or pathological attributes","CRDB_ADJ_TXT;CRDB_BRAINMET;CRDB_CONSENT_DATE_DAYS;CRDB_ECOG;CRDB_NOSYSTXT;CRDB_OFF_STUDY_DAYS;CRDB_PRIOR_RX;CRDB_SURVIVAL_STATUS;CRDB_TREATMENT_END_DAYS",9,NA
"creatinine_related","CREATININE-related clinical, molecular, or pathological attributes","CREATININE_LEVEL_PRERESECTION;CREATININE_NORM_RANGE_LOWER;CREATININE_NORM_RANGE_UPPER",3,NA
"ctdna_related","CTDNA-related percentage, fraction, or proportion measurement","CTDNA_FRACTION;CTDNA_INDUCTION_RESPONSE",2,NA
"ctnnb1_related","CTNNB1-related genetic mutations or molecular alterations","CTNNB1_MUTATION;CTNNB1_STATUS",2,NA
"cumulative_related","CUMULATIVE-related treatment, therapy, or medication information","CUMULATIVE_TREATMENT_REGIMENS;CUMULATIVE_TREATMENT_REGIMEN_COUNT",2,NA
"current_related","CURRENT-related clinical, molecular, or pathological attributes","CURRENT_CYCLE;CURRENT_REGIMEN",2,NA
"cytogenetic_related","CYTOGENETIC-related clinical, molecular, or pathological attributes","CYTOGENETIC_ABNORMALITY_TYPE;CYTOGENETIC_CODE_OTHER;CYTOGENETIC_COMPLEXITY;CYTOGENETIC_RELAPSE_SITE;CYTOGENETIC_RESPONSE;CYTOGENETIC_RISK",6,NA
"cytotoxic_related","CYTOTOXIC-related treatment, therapy, or medication information","CYTOTOXIC_TREATMENT;CYTOTOXIC_TX",2,NA
"data_related","DATA-related clinical, molecular, or pathological attributes","DATA_CORE_SAMPLE;DATA_SOURCE",2,NA
"days_related","DAYS-related clinical, molecular, or pathological attributes","DAYS_FROM_SURGERY_TO_LAST_FOLLOWUP;DAYS_TO_BILATERAL_TUMOR_DX;DAYS_TO_BONE_SCAN_PERFORMED;DAYS_TO_CT_SCAN_AB_PELVIS;DAYS_TO_DIAGNOSTIC_COMPUTED_TOMOGRAPHY_PERFORMED;DAYS_TO_DIAGNOSTIC_MRI_PERFORMED;DAYS_TO_EVENT;DAYS_TO_EVENT_AGGRESSIVE_DISEASE;DAYS_TO_FDG_OR_CT_PET_PERFORMED;DAYS_TO_INITIAL_PATHOLOGIC_DIAGNOSIS;DAYS_TO_MRI;DAYS_TO_PERFORMANCE_STATUS_ASSESSMENT;DAYS_TO_POST_ORCHI_SERUM_TEST;DAYS_TO_PRE_ORCHI_SERUM_TEST;DAYS_TO_PSA",15,NA
"days_to_death","Days from index date to patient death","DAYS_TO_DEATH;TCGA_DAYS_TO_DEATH_OR_LAST_FU",2,NA
"days_to_last_followup","Days from index date to last clinical follow-up","DAYS_LAST_FOLLOWUP;DAYS_TO_LAST_FOLLOWUP",2,NA
"death_related","DEATH-related temporal information or time measurements","DEATH_DATE;DEATH_FROM_DISEASE;DEATH_REASON",3,NA
"del_related","DEL-related clinical, molecular, or pathological attributes","DEL_5Q;DEL_7Q;DEL_9Q",3,NA
"dfs_related","DFS-related clinical, molecular, or pathological attributes","DFS_EVENT;DFS_FROM_NEO_MONTHS;DFS_FROM_NEO_STATUS;DFS_FROM_SURGERY_MONTHTS",4,"DFS: Disease-Free Survival"
"dfs_status","Disease-free survival status indicating recurrence or disease-free state","DAYS_FROM_SURGERY_TO_RECURRENCE;DFS_STATUS;DISTAL_RECURRENCE;DISTANT_RECURRENCE;FIRST_RECURRENCE;LOCAL_RECURRENCE;LOCAL_REGIONAL_RECURRENCE;MONTHS_TO_DISTANT_RECURRENCE;PRIOR_LOCAL_RECURRENCE;RECURRENCE;SITE_FIRST_RECURRENCE;SITE_OF_RECURRENCE;TIME_TO_DISTANT_RECURRENCE;TIME_TO_FIRST_RECURRENCE",14,"DFS: Disease-Free Survival"
"diabetes_related","DIABETES-related clinical, molecular, or pathological attributes","DIABETES_DIAGNOSIS_DAYS_TO;DIABETES_DIAGNOSIS_INDICATOR;DIABETES_STATUS",3,NA
"diagnosis_related","DIAGNOSIS-related clinical, molecular, or pathological attributes","DIAGNOSIS_AT_INCLUSION;DIAGNOSIS_CANCER_BONE;DIAGNOSIS_CANCER_LOC_ASCITES;DIAGNOSIS_CANCER_LOC_AXILLARY_LN;DIAGNOSIS_CANCER_LOC_BRAIN;DIAGNOSIS_CANCER_LOC_BREAST;DIAGNOSIS_CANCER_LOC_CHEST_WALL;DIAGNOSIS_CANCER_LOC_LIVER;DIAGNOSIS_CANCER_LOC_LUNG;DIAGNOSIS_CANCER_LOC_OTHER_LN;DIAGNOSIS_CANCER_LOC_OVARY;DIAGNOSIS_CANCER_LOC_PLEURAL_EFFUSION;DIAGNOSIS_CANCER_LOC_SKIN",13,NA
"diagnostic_related","DIAGNOSTIC-related clinical, molecular, or pathological attributes","DIAGNOSTIC_CATEGORY;DIAGNOSTIC_MRI_RESULT",2,NA
"disease_related","DISEASE-related clinical, molecular, or pathological attributes","DISEASE_AT_DIAGNOSIS;DISEASE_CODE;DISEASE_DETECTED_ON_SCREENING;DISEASE_EXTENT;DISEASE_MULTIFOCAL_INDICATOR;DISEASE_ONTOLOGY;DISEASE_STAGE_AT_SPECIMEN_COLLECTION",7,NA
"distant_related","DISTANT-related clinical, molecular, or pathological attributes","DISTANT_ANATOMIC_SITE;DISTANT_METS;DISTANT_METS_SITE",3,NA
"dmets_related","DMETS-related clinical, molecular, or pathological attributes","DMETS_DX_ADRENAL_GLAND;DMETS_DX_BILIARY_TRACT;DMETS_DX_BLADDER_UT;DMETS_DX_BONE;DMETS_DX_BOWEL;DMETS_DX_BREAST;DMETS_DX_CNS_BRAIN;DMETS_DX_DIST_LN;DMETS_DX_FEMALE_GENITAL;DMETS_DX_HEAD_NECK;DMETS_DX_INTRA_ABDOMINAL;DMETS_DX_KIDNEY;DMETS_DX_LIVER;DMETS_DX_LUNG;DMETS_DX_MALE_GENITAL;DMETS_DX_MEDIASTINUM;DMETS_DX_OVARY;DMETS_DX_PLEURA;DMETS_DX_PNS;DMETS_DX_SKIN;DMETS_DX_UNSPECIFIED",21,NA
"dna_related","DNA-related clinical, molecular, or pathological attributes","DNA_INDEX;DNA_INPUT;DNA_METHYLATION_CLUSTER_EC;DNA_METHYLATION_CLUSTER_GEA;DNA_METHYLATION_CLUSTER_GEA_CIN;DNA_METHYLATION_CLUSTER_SCC;DNA_REPAIR_STATUS",7,"DNA: Deoxyribonucleic Acid"
"dnp_related","DNP-related clinical, molecular, or pathological attributes","DNP_COUNT;DNP_COUNT_GG_TO_TT_OR_CC_TO_AA;DNP_GG_TO_TT_OR_CC_TO_AA_COUNT_WGS",3,NA
"dob_related","DOB-related temporal information or time measurements","DOB_LASTFU_TIME_YRS;DOB_PROG_START_TIME_YRS;DOB_PROG_TIME_YRS;DOB_RECUR_START_TIME_YRS;DOB_RECUR_TIME_YRS;DOB_REPORT_TIME_YRS;DOB_TISSUE_TIME_YRS",7,NA
"dor_related","DOR-related temporal information or time measurements","DOR_MONTHS;DOR_STATUS",2,NA
"dose_related","DOSE-related clinical, molecular, or pathological attributes","DOSE_MG_DAY_STEROID_DURING_PD1;DOSE_OF_PEMBROLIZUMAB_PER_INJECTION (MG/KG);DOSE_REDUCTION",3,NA
"doubling_related","DOUBLING-related temporal information or time measurements","DOUBLING_TIME;DOUBLING_TIME_FROM_VENDOR",2,NA
"driver1_related","DRIVER1-related clinical, molecular, or pathological attributes","DRIVER1_AI;DRIVER1_CCF;DRIVER1_CELLULAR_FRACTION;DRIVER1_CLONAL_CALL;DRIVER1_EXPECTED_MUTANT_COPIES;DRIVER1_FACETS_PLOIDY_CALL;DRIVER1_LCN;DRIVER1_MUTATION;DRIVER1_TCN",9,NA
"driver2_related","DRIVER2-related clinical, molecular, or pathological attributes","DRIVER2_AI;DRIVER2_CCF;DRIVER2_CELLULAR_FRACTION;DRIVER2_CLONAL_CALL;DRIVER2_EXPECTED_MUTANT_COPIES;DRIVER2_FACETS_PLOIDY_CALL;DRIVER2_LCN;DRIVER2_MUTATION;DRIVER2_TCN",9,NA
"driver_related","DRIVER-related clinical, molecular, or pathological attributes","DRIVER_CLASS;DRIVER_MUTATIONS;DRIVER_MUTATION_DENSITY",3,NA
"duration_related","DURATION-related clinical, molecular, or pathological attributes","DURATION_IBD_AT_DX_10_20_YEARS;DURATION_IBD_AT_DX_10_YEARS;DURATION_OF_INDUCTION_TREATMENT",3,NA
"ebv_related","EBV-related clinical, molecular, or pathological attributes","EBV_POSITIVE;EBV_POSITIVE_MALIGNANT_CELLS_PERCENT;EBV_PRESENT;EBV_STATUS;EBV_STATUS_MALIGNANT_CELLS_METHOD;EBV_TESTED",6,NA
"ecog_related","ECOG-related clinical, molecular, or pathological attributes","ECOG_BIN;ECOG_GT_2;ECOG_PERFORMANCE_STATUS;ECOG_SCORE;ECOG_STATUS",5,NA
"efs_related","EFS-related temporal information or time measurements","EFS_MONTHS;EFS_STATUS;EFS_TIME",3,NA
"egfr_related","EGFR-related clinical, molecular, or pathological attributes","EGFR_DRIVER;EGFR_MUTATION;EGFR_MUTATION_STATUS;EGFR_PROTEIN",4,"EGFR: Epidermal Growth Factor Receptor"
"eln_related","ELN-related clinical, molecular, or pathological attributes","ELN_2008;ELN_2017",2,NA
"enets_related","ENETS-related clinical, molecular, or pathological attributes","ENETS_STAGING;ENETS_T_STAGING",2,NA
"epic_related","EPIC-related clinical, molecular, or pathological attributes","EPIC_BCELLS;EPIC_CAFS;EPIC_CD4_TCELLS;EPIC_CD8_TCELLS;EPIC_ENDOTHELIAL;EPIC_MACROPHAGES;EPIC_NKCELLS;EPIC_OTHERCELLS",8,NA
"erbb2_related","ERBB2-related clinical, molecular, or pathological attributes","ERBB2_AMP_MSKIMPACT;ERBB2_DRIVER;ERBB2_GENE_AMPLIFIED;ERBB2_MUTATION;ERBB2_MUTATION_STATUS;ERBB2_PROTEIN;ERBB2_PROTEOGENOMIC_STATUS;ERBB2_UPDATED_CLINICAL_STATUS",8,NA
"erg_related","ERG-related clinical, molecular, or pathological attributes","ERG_FISH_RESULT;ERG_FUS;ERG_FUSION_ACGH;ERG_FUSION_GEX;ERG_STATUS",5,NA
"esoph_related","ESOPH-related clinical, molecular, or pathological attributes","ESOPH_COLUMNAR_METAPLASIA_INDICATOR;ESOPH_NON_CA_DEGREE_OF_DYSPLASIA",2,NA
"esophageal_related","ESOPHAGEAL-related clinical, molecular, or pathological attributes","ESOPHAGEAL_TUMOR_LOCATION_CENTERED;ESOPHAGEAL_TUMOR_LOCATION_INVOLVED",2,NA
"estimate_related","ESTIMATE-related clinical status, score, or measurement","ESTIMATE IMMUNESCORE;ESTIMATE STROMALSCORE;ESTIMATE_COMBINED_SCORE;ESTIMATE_ESTIMATESCORE;ESTIMATE_IMMUNESCORE;ESTIMATE_IMMUNE_SCORE;ESTIMATE_SCORE;ESTIMATE_STROMALSCORE;ESTIMATE_STROMAL_SCORE",9,NA
"estrogen_related","ESTROGEN-related clinical, molecular, or pathological attributes","ESTROGEN_RECEPTOR;ESTROGEN_RECEPTOR_%",2,NA
"ethnicity","Patient ethnic background, including Hispanic or Latino origin","ETHNICITY;ETHNICITY_SELF_IDENTIFY;HISPANIC;INFERRED_ETHNICITY;PRD_HISPANIC;REPORTED_ETHNICITY",6,NA
"ets_related","ETS-related clinical, molecular, or pathological attributes","ETS_FUSION_DETAILS;ETS_FUSION_SEQ;ETS_RAF_SPINK1_STATUS;ETS_STATUS",4,NA
"evaluable_related","EVALUABLE-related clinical, molecular, or pathological attributes","EVALUABLE_FOR_PET;EVALUABLE_FOR_RECIST",2,NA
"event_related","EVENT-related clinical, molecular, or pathological attributes","EVENT_DETAILS;EVENT_TYPE",2,NA
"ever_related","EVER-related clinical, molecular, or pathological attributes","EVER_METS_SITES;EVER_MET_SITE_ADRENAL;EVER_MET_SITE_BONE;EVER_MET_SITE_CNS;EVER_MET_SITE_LIVER_BILIARY_TRACT;EVER_MET_SITE_LN;EVER_MET_SITE_LUNG;EVER_MET_SITE_PLEURA",8,NA
"exome_related","EXOME-related clinical, molecular, or pathological attributes","EXOME_CAPTURE;EXOME_DATA;EXOME_SEQ;EXOME_SEQUENCED_IN_BARBIERI_ET_AL_2012;EXOME_SEQ_ANALYSIS",5,NA
"expert_related","EXPERT-related clinical, molecular, or pathological attributes","EXPERT_PATH_REVIEW;EXPERT_PATH_REVIEW_DETAILS;EXPERT_PATH_REVIEW_NUM_SEGMENTS",3,NA
"extent_related","EXTENT-related clinical, molecular, or pathological attributes","EXTENT_OF_RESECTION;EXTENT_OF_TUMOR_RESECTION",2,NA
"extracapsular_related","EXTRACAPSULAR-related clinical, molecular, or pathological attributes","EXTRACAPSULAR_EXTENSION;EXTRACAPSULAR_EXTENSION_PRESENT;EXTRACAPSULAR_SPREAD;EXTRACAPSULAR_SPREAD_PATHOLOGIC",4,NA
"extranodal_related","EXTRANODAL-related clinical, molecular, or pathological attributes","EXTRANODAL_DISEASE;EXTRANODAL_INVOLVEMENT;EXTRANODAL_INVOLVMENT_OTHER;EXTRANODAL_LYMPHOMATOUS_INVOLVEMENT",4,NA
"facets_related","FACETS-related clinical, molecular, or pathological attributes","FACETS_REVIEW;FACETS_WGD",2,NA
"family_related","FAMILY-related clinical, molecular, or pathological attributes","FAMILY_HISTORY_CANCER_NUMBER_RELATIVES;FAMILY_HISTORY_CANCER_RELATIONSHIP;FAMILY_HISTORY_ESOPH_GASTIC_CANCER;FAMILY_HISTORY_OF_CANCER;FAMILY_HISTORY_OF_PRIMARY_BRAIN_TUMOR;FAMILY_HISTORY_OF_STOMACH_CANCER;FAMILY_HISTORY_OTHER_CANCER;FAMILY_HISTORY_PRAD;FAMILY_HISTORY_TESTICULAR_CANCER",9,NA
"fancc_related","FANCC-related clinical, molecular, or pathological attributes","FANCC_CNA;FANCC_MUT",2,NA
"fancd2_related","FANCD2-related clinical, molecular, or pathological attributes","FANCD2_CNA;FANCD2_MUT",2,NA
"fev1_related","FEV1-related clinical, molecular, or pathological attributes","FEV1_FVC_RATIO_POSTBRONCHOLIATOR;FEV1_FVC_RATIO_PREBRONCHOLIATOR;FEV1_PERCENT_REF_POSTBRONCHOLIATOR;FEV1_PERCENT_REF_PREBRONCHOLIATOR",4,NA
"first_related","FIRST-related clinical, molecular, or pathological attributes","FIRST_EVENT;FIRST_LINE_MET_TX;FIRST_LINE_TREATMENT;FIRST_PRESENTING_SYMPTOM;FIRST_SITE_OF_METS;FIRST_SURGICAL_PROCEDURE_OTHER;FIRST_SYMPTOM_LONGEST_DURATION;FIRST_TREATMENT_SUCCESS",8,NA
"flt3_related","FLT3-related clinical, molecular, or pathological attributes","FLT3_ITD;FLT3_ITD_ALLELIC_RATIO;FLT3_ITD_CONSENSUS_CALL;FLT3_ITD_POSITIVE;FLT3_NEGATIVE;FLT3_PM",6,NA
"focal_related","FOCAL-related clinical, molecular, or pathological attributes","FOCAL_DRIVER_CN;FOCAL_LESIONS_AT_RELAPSE",2,NA
"follow_related","FOLLOW-related temporal information or time measurements","FOLLOW_UP_DATE;FOLLOW_UP_DAYS;FOLLOW_UP_PERIOD;FOLLOW_UP_TIME_MONTHS",4,NA
"followup_related","FOLLOWUP-related clinical, molecular, or pathological attributes","FOLLOWUP_LENGTH;FOLLOWUP_YEARS",2,NA
"food_related","FOOD-related clinical, molecular, or pathological attributes","FOOD_ALLERGY_HISTORY;FOOD_ALLERGY_TYPES",2,NA
"fraction_genome_altered","Proportion of genome with copy number alterations or losses","FACETS_FGA;FGA;FGA_FACETS;FGA_REPORTED;FRACTION_GENOME_ALTERED;FRACTION_GENOME_ALTERED_REPORTED;GENOMIC_ALTERATIONS",7,"FGA: Fraction Genome Altered"
"fraction_related","FRACTION-related percentage, fraction, or proportion measurement","FRACTION_CNA;FRACTION_LOH;FRACTION_OF_CLONAL_MUTATIONS_WITH_BINDING_NEOANTIGENS;FRACTION_OF_GENOME_ALTERED_ON_WES;FRACTION_OF_MUTATIONS_WITH_BINDING_NEOANTIGENS;FRACTION_OF_MUTATIONS_WITH_STRONG_BINDING_NEOANTIGENS;FRACTION_OF_MUTATIONS_WITH_WEAK_BINDING_NEOANTIGENS",7,NA
"frameshift_related","FRAMESHIFT-related clinical, molecular, or pathological attributes","FRAMESHIFT_DELETION;FRAMESHIFT_INDELS;FRAMESHIFT_INSERTION",3,NA
"fusion_related","FUSION-related clinical, molecular, or pathological attributes","FUSION_BY_RNA_PCR;FUSION_OTHER;FUSION_STATUS",3,NA
"gea_related","GEA-related clinical, molecular, or pathological attributes","GEA_CIN_INTEGRATED_CLUSTER_COCA;GEA_CIN_INTEGRATED_CLUSTER_CONSENSUS;GEA_CIN_INTEGRATED_CLUSTER_ICLUSTER;GEA_CIN_INTEGRATED_CLUSTER_MKL_KNN_4;GEA_CIN_INTEGRATED_CLUSTER_MKL_KNN_7;GEA_CIN_INTEGRATED_CLUSTER_SUPERCLUSTER;GEA_CIN_INTEGRATED_CLUSTER_VOTING",7,NA
"gene_panel","Gene panel or targeted sequencing platform used","GENE_PANEL;MSK_IMPACT_PANEL;UBIQUITOUS_ASSAY_PANEL",3,NA
"gene_related","GENE-related clinical, molecular, or pathological attributes","GENE_EXPRESSION_CLUSTER;GENE_EXPRESSION_CLUSTER_GEA_CIN;GENE_EXPRESSION_PROFILE",3,NA
"genetic_related","GENETIC-related clinical, molecular, or pathological attributes","GENETIC_ABNORMALITY_METHOD_OTHER;GENETIC_ABNORMALITY_RESULTS;GENETIC_ABNORMALITY_TESTED;GENETIC_ABNORMALITY_TESTED_OTHER",4,NA
"genome_related","GENOME-related clinical, molecular, or pathological attributes","GENOME_DOUBLED;GENOME_DOUBLINGS",2,NA
"genomic_related","GENOMIC-related clinical, molecular, or pathological attributes","GENOMIC_BURDEN;GENOMIC_QC",2,NA
"germline_related","GERMLINE-related clinical, molecular, or pathological attributes","GERMLINE_CONTROL;GERMLINE_MUTKNOWN_BRCA1;GERMLINE_MUTKNOWN_BRCA2;GERMLINE_MUTKNOWN_PALB2;GERMLINE_MUT_GENES_VARIANT;GERMLINE_TYPE",6,NA
"gleason_related","GLEASON-related clinical, molecular, or pathological attributes","GLEASON_PATTERN_PRIMARY;GLEASON_PATTERN_SECONDARY;GLEASON_PATTERN_TERTIARY;GLEASON_PR;GLEASON_SCORE;GLEASON_SCORE_1;GLEASON_SCORE_2;GLEASON_SCORE_PERCENT_4_AND_5;GLEASON_SE;GLEASON_SU",10,NA
"growth_related","GROWTH-related clinical, molecular, or pathological attributes","GROWTH_MEDIUM;GROWTH_PATTERN",2,NA
"has_related","HAS-related clinical, molecular, or pathological attributes","HAS_ANY_DNA;HAS_MSK_IMPACT;HAS_OTHER_CANCER;HAS_OTHER_KIDNEY_CONDITION;HAS_RNASEQ;HAS_WES",6,NA
"hbv_related","HBV-related clinical, molecular, or pathological attributes","HBV_DNA_IU_ML;HBV_SEROPOSITIVE",2,NA
"hep_related","HEP-related clinical, molecular, or pathological attributes","HEP_B;HEP_C",2,NA
"hepatic_related","HEPATIC-related clinical, molecular, or pathological attributes","HEPATIC_INFLAMMATION_ADJ_TISSUE;HEPATIC_SEGMENTS;HEPATIC_VEIN_INVASION",3,NA
"her2_related","HER2-related clinical status, score, or measurement","HER2_AMPLIFICATION_STATUS;HER2_AND_CENT17_CELLS_COUNT;HER2_AND_CENT17_SCALE_OTHER;HER2_CENT17_RATIO;HER2_COPY_NUMBER;HER2_FISH;HER2_FISH_METHOD;HER2_FISH_RATIO;HER2_FISH_RATIO_PRIMARY;HER2_FISH_STATUS;HER2_IHC_OR_FISH;HER2_IHC_PERCENT_POSITIVE;HER2_IHC_PRIMARY;HER2_IHC_SCORE;HER2_IHC_STATUS;HER2_IHC_VALUE_PRIMARY;HER2_IMPACT;HER2_IMPACT_FOLD_CHANGE;HER2_IMPACT_LR;HER2_POSITIVE;HER2_POSITIVITY_METHOD_TEXT;HER2_POSITIVITY_SCALE_OTHER;HER2_RESPONSE;HER2_SNP6;HER2_STATUS;HER2_STATUS_PRIMARY;HER2_STATUS_REPORTED;HER2_TTP_ON_1ST_LINE_MONTHS;HER2_TX_STATUS",29,"HER2: Human Epidermal Growth Factor Receptor 2"
"highest_related","HIGHEST-related clinical status, score, or measurement","HIGHEST_CPS_SCORE_AT_BASELINE;HIGHEST_LEVEL_ONCOKB;HIGHEST_ONCOKB_LEVEL",3,NA
"hist_related","HIST-related clinical, molecular, or pathological attributes","HIST_SUBTYPE1;HIST_SUBTYPE2;HIST_SUBTYPE3",3,NA
"histologic_related","HISTOLOGIC-related percentage, fraction, or proportion measurement","HISTOLOGIC_DIAGNOSIS_PERCENT;HISTOLOGIC_GRADE_FIGO;HISTOLOGIC_TYPE",3,NA
"histology_related","HISTOLOGY-related clinical, molecular, or pathological attributes","HISTOLOGY_ABBREVIATION;HISTOLOGY_COMPONENT;HISTOLOGY_DIAGNOSIS;HISTOLOGY_TIER1;HISTOLOGY_TIER2;HISTOLOGY_TIER3;HISTOLOGY_TIER4",7,NA
"history_related","HISTORY-related clinical, molecular, or pathological attributes","HISTORY_ADRENAL_HORMONE_EXCESS;HISTORY_ASBESTOS_EXPOSURE;HISTORY_BARRETTS_ESOPHAGEAL_INDICATOR;HISTORY_BASIS_ADRENAL_HORMONE_DX;HISTORY_CHRONIC_PANCREATITIS;HISTORY_CHRONIC_PANCREATITIS_DAYS_TO;HISTORY_COLORECTAL_CANCER;HISTORY_FERTILITY;HISTORY_HEPATO_CARCINOMA_RISK_FACTORS;HISTORY_HORMONAL_CONTRACEPTIVES_USE;HISTORY_HYPOSPADIAS;HISTORY_IF_BARRETTS_GOBLET_CELL_INDICATOR;HISTORY_IMMUNOLOGICAL_DISEASE;HISTORY_IMMUNOLOGICAL_DISEASE_OTHER;HISTORY_IMMUNOSUPPRESIVE_DX;HISTORY_IMMUNOSUPPRESSIVE_DISEASE;HISTORY_IMMUNOSUPPRESSIVE_TX_OTHER;HISTORY_IONIZING_RT_TO_HEAD;HISTORY_LGG_DX_OF_BRAIN_TISSUE;HISTORY_OF_UNDESCENDED_TESTIS;HISTORY_PHEO_OR_PARA_ANATOMIC_SITE;HISTORY_PHEO_OR_PARA_INCLUDE_BENIGN;HISTORY_REFLUX_DISEASE_TREATMENT;HISTORY_RELEVANT_INFECTIOUS_DX;HISTORY_TAMOXIFEN_USE",25,NA
"hla_related","HLA-related clinical, molecular, or pathological attributes","HLA_A;HLA_A1_ALLELE;HLA_A2_ALLELES;HLA_B;HLA_B1_ALLELES;HLA_B2_ALLELES;HLA_C;HLA_C1_ALLELES;HLA_C2_ALLELES;HLA_DPA1;HLA_DPB1;HLA_DQA1;HLA_DQB1;HLA_DRB1;HLA_LOH",15,NA
"hpv_related","HPV-related clinical, molecular, or pathological attributes","HPV_ISH;HPV_PATHSEQ;HPV_PCR;HPV_STATUS;HPV_STATUS_ISH;HPV_STATUS_P16;HPV_TYPES_OTHER;HPV_TYPES_POSITIVE;HPV_TYPING_METHOD;HPV_TYPING_METHOD_OTHER",10,NA
"hrd_related","HRD-related clinical, molecular, or pathological attributes","HRD_BRCA1;HRD_BRCA1_OR_BRCA2;HRD_BRCA2;HRD_LOH;HRD_SCORE",5,NA
"ici_related","ICI-related clinical, molecular, or pathological attributes","ICI_BEST_RESPONSE;ICI_DURABLE_CLINICAL_BENEFIT;ICI_MUTATION_CATEGORY",3,NA
"idh1_related","IDH1-related genetic mutations or molecular alterations","IDH1_MUTATION;IDH1_MUTATION_TEST_INDICATOR;IDH1_MUTATION_TEST_METHOD",3,NA
"idh_related","IDH-related clinical, molecular, or pathological attributes","IDH_LEVEL;IDH_SPECIFIC_DNA_METHYLATION_CLUSTER;IDH_SPECIFIC_RNA_EXPRESSION_CLUSTER;IDH_STATUS",4,NA
"ighv_related","IGHV-related clinical, molecular, or pathological attributes","IGHV_GENE;IGHV_IDENTITY;IGHV_MUTATED",3,NA
"ihc_related","IHC-related clinical, molecular, or pathological attributes","IHC_BASAL;IHC_CK5_6;IHC_DETAIL;IHC_EGFR;IHC_HER2;IHC_SCORE",6,NA
"immune_related","IMMUNE-related clinical, molecular, or pathological attributes","IMMUNE_CLUSTER;IMMUNE_SCORE;IMMUNE_STATUS;IMMUNE_TREATMENT",4,NA
"immunophenotypic_related","IMMUNOPHENOTYPIC-related clinical, molecular, or pathological attributes","IMMUNOPHENOTYPIC_ANALYSIS_METHOD;IMMUNOPHENOTYPIC_ANALYSIS_RESULTS;IMMUNOPHENOTYPIC_ANALYSIS_TESTED",3,NA
"impact_related","IMPACT-related clinical, molecular, or pathological attributes","IMPACT_1P19Q;IMPACT_DATA;IMPACT_PDL1_SAME;IMPACT_PRE_POST;IMPACT_PRIMARY_GROUP",5,NA
"imsig_related","IMSIG-related clinical, molecular, or pathological attributes","IMSIG_B_CELLS;IMSIG_INTERFERON;IMSIG_MACROPHAGES;IMSIG_MONOCYTES;IMSIG_NEUTROPHILS;IMSIG_NK_CELLS;IMSIG_PLASMA_CELLS;IMSIG_PROLIFERATION;IMSIG_TRANSLATION;IMSIG_T_CELLS",10,NA
"inferred_related","INFERRED-related clinical, molecular, or pathological attributes","INFERRED_GENOMIC_REARRANGEMENT;INFERRED_MENOPAUSAL_STATE",2,NA
"inherited_related","INHERITED-related clinical, molecular, or pathological attributes","INHERITED_GENETIC_SYNDROME_INDICATOR;INHERITED_GENETIC_SYNDROME_SPECIFIED",2,NA
"initial_related","INITIAL-related clinical, molecular, or pathological attributes","INITIAL_CNS_TUMOR_DIAGNOSIS_RELATED_TO_OS;INITIAL_DIAGNOSIS_ESOPHAGEAL_CA_TYPE;INITIAL_DIAGNOSIS_OF_RECURRENT_TUMORS;INITIAL_DIAGNOSIS_TYPE;INITIAL_PATHOLOGIC_DIAGNOSIS_METHOD;INITIAL_RX;INITIAL_SAMPLE_WEIGHT_GRAMS;INITIAL_TREATMENT;INITIAL_TX_RESPONSE",9,NA
"integrated_related","INTEGRATED-related clinical, molecular, or pathological attributes","INTEGRATED_CLUSTERS_NO_EXP;INTEGRATED_CLUSTERS_UNSUP_EXP;INTEGRATED_CLUSTERS_WITH_PAM50;INTEGRATED_PHENOTYPE",4,NA
"interstitial_related","INTERSTITIAL-related clinical, molecular, or pathological attributes","INTERSTITIAL_AI_MEAN_SIZE;INTERSTITIAL_LOH_MEAN_SIZE",2,NA
"interval_related","INTERVAL-related clinical, molecular, or pathological attributes","INTERVAL_FROM_INDEX_LESION_TO_PRESENT_LESION;INTERVAL_FROM_LAST_COLONOSCOPY_TO_CAC_DX;INTERVAL_FROM_LAST_LESION_TO_STUDY;INTERVAL_MONTHS",4,NA
"invade_related","INVADE-related clinical, molecular, or pathological attributes","INVADE_BONE;INVADE_LARGER_THAN_SUBCUTANEOUS_TISSUE;INVADE_PAROTID;INVADE_SKULL_BASE",4,NA
"invasive_related","INVASIVE-related clinical, molecular, or pathological attributes","INVASIVE_ADENOCARCINOMA_INDICATOR;INVASIVE_CARCINOMA_DX_TIME",2,NA
"ipi_related","IPI-related clinical, molecular, or pathological attributes","IPI_ECOG;IPI_EXBM;IPI_EXTRANODAL_SITES;IPI_LDH",4,"IPI: International Prognostic Index"
"ipss_related","IPSS-related clinical, molecular, or pathological attributes","IPSS_MDS;IPSS_SCORE",2,NA
"jak1_related","JAK1-related clinical, molecular, or pathological attributes","JAK1_MS_INDEL;JAK1_MUTATION",2,NA
"keap1_related","KEAP1-related genetic mutations or molecular alterations","KEAP1_MUTATION;KEAP1_MUTATION_STATUS",2,NA
"kras_related","KRAS-related clinical, molecular, or pathological attributes","KRAS_GENE_ANALYSIS_INDICATOR;KRAS_MUTATION;KRAS_MUTATION_IDENTIFIED_TYPE;KRAS_MUTATION_STATUS;KRAS_PROTEIN_CODING",5,"KRAS: Kirsten Rat Sarcoma Viral Oncogene"
"larc_related","LARC-related clinical, molecular, or pathological attributes","LARC_CRT_OUTCOME_CASES_DFS;LARC_CRT_OUTCOME_CASES_RESPONSE",2,NA
"last_related","LAST-related clinical, molecular, or pathological attributes","LAST_CONTACT_DAYS_TO;LAST_FOLLOWUP_STATUS;LAST_FOLLOWUP_YEAR;LAST_STATUS",4,NA
"ldh_related","LDH-related clinical, molecular, or pathological attributes","LDH_ABNL;LDH_ELEVATED;LDH_LEVEL;LDH_NORM_RANGE_UPPER;LDH_RATIO;LDH_U_L",6,NA
"leukocyte_related","LEUKOCYTE-related percentage, fraction, or proportion measurement","LEUKOCYTE_FRACTION;LEUKOCYTE_INDEX_METHYLATION",2,NA
"lfs_related","LFS-related temporal information or time measurements","LFS_MONTHS;LFS_STATUS",2,NA
"line1_related","LINE1-related clinical, molecular, or pathological attributes","LINE1_BR_NOTRK;LINE1_BR_NOTRK_G",2,NA
"line_related","LINE-related clinical, molecular, or pathological attributes","LINE_OBR_IMMUNO;LINE_OBR_IMMUNO_G;LINE_OBR_NOTRK;LINE_OBR_NOTRK_G;LINE_OBR_NTRK;LINE_OBR_NTRK_G;LINE_OBR_TARGETED;LINE_OBR_TARGETED_G",8,NA
"lines_related","LINES-related clinical, molecular, or pathological attributes","LINES_OF_TX;LINES_OF_TX_PRIOR_IMPACT",2,NA
"liver_related","LIVER-related clinical, molecular, or pathological attributes","LIVER_DISFUNCTION;LIVER_FIBROSIS;LIVER_FLUKE_STATUS;LIVER_FSM;LIVER_INVOLVEMENT;LIVER_METS;LIVER_MONTHS;LIVER_SCHISTOSOMIASIS;LIVER_STATUS;LIVER_TIME_INTERVAL;LIVER_VISC_MET",11,NA
"local_related","LOCAL-related clinical, molecular, or pathological attributes","LOCAL_REGIONAL_DISEASE_AT_DIAGNOSIS;LOCAL_TEST",2,NA
"localized_related","LOCALIZED-related clinical, molecular, or pathological attributes","LOCALIZED_TUMOR;LOCALIZED_VS_METS_AT_DX",2,NA
"location_related","LOCATION-related clinical, molecular, or pathological attributes","LOCATION_LUNG_PARENCHYMA;LOCATION_RECURRED",2,NA
"log2_related","LOG2-related clinical, molecular, or pathological attributes","LOG2_INDEL_PER_MBP;LOG2_INDEL_TOTAL;LOG2_SNP_PER_MBP;LOG2_SNP_TOTAL;LOG2_VARIANT_PER_MBP;LOG2_VARIANT_TOTAL",6,NA
"loh_related","LOH-related clinical, molecular, or pathological attributes","LOH_16Q;LOH_CHROMOSOMES",2,NA
"lung_related","LUNG-related clinical, molecular, or pathological attributes","LUNG_FSM;LUNG_MET;LUNG_MONTHS;LUNG_STATUS;LUNG_TIME_INTERVAL",5,NA
"lymph_related","LYMPH-related clinical, molecular, or pathological attributes","LYMPH_NODES_AORTIC_EXAMINED_COUNT;LYMPH_NODES_AORTIC_POS_BY_HE;LYMPH_NODES_AORTIC_POS_BY_IHC;LYMPH_NODES_AORTIC_POS_TOTAL;LYMPH_NODES_EXAMINED;LYMPH_NODES_EXAMINED_HE_COUNT;LYMPH_NODES_EXAMINED_IHC_COUNT;LYMPH_NODES_EXAMINED_POSITIVE;LYMPH_NODES_PELVIC_EXAMINED_COUNT;LYMPH_NODES_PELVIC_POS_BY_HE;LYMPH_NODES_PELVIC_POS_BY_IHC;LYMPH_NODES_PELVIC_POS_TOTAL;LYMPH_NODES_SUPRACLAVICULAR;LYMPH_NODE_DISSECTION_METHOD;LYMPH_NODE_EXAMINED_COUNT;LYMPH_NODE_INVOLVEMENT_SITE;LYMPH_NODE_NECK_DISSECTION_INDICATOR;LYMPH_NODE_SPRD_RADIOGRAPH_EVIDENCE;LYMPH_NODE_STATUS;LYMPH_VASCULAR_INVASION",20,NA
"lymphovascular_related","LYMPHOVASCULAR-related clinical, molecular, or pathological attributes","LYMPHOVASCULAR_INVASION_INDICATOR;LYMPHOVASCULAR_INVASION_PRESENT;LYMPHOVASCULAR_INVOLVEMENT",3,NA
"margin_related","MARGIN-related clinical status, score, or measurement","MARGIN_STATUS;MARGIN_STATUS_REEXCISION",2,NA
"matched_related","MATCHED-related clinical, molecular, or pathological attributes","MATCHED_GE_ACGH;MATCHED_NORMAL_ID;MATCHED_NORMAL_TISSUE;MATCHED_STATUS",4,NA
"mds_related","MDS-related temporal information or time measurements","MDS_TWO_MONTHS_PRIOR_AML;MDS_TYPE",2,NA
"mdsmpn_related","MDSMPN-related clinical, molecular, or pathological attributes","MDSMPN_DIAGNOSIS_AT_ACQUISITION;MDSMPN_TWO_MONTHS_PRIOR_AML",2,NA
"medical_related","MEDICAL-related clinical, molecular, or pathological attributes","MEDICAL_CONDITION;MEDICAL_CONDITIONS",2,NA
"menopausal_related","MENOPAUSAL-related clinical status, score, or measurement","MENOPAUSAL_STATUS_AT_DIAGNOSIS;MENOPAUSAL_STATUS_DX",2,NA
"met_related","MET-related clinical, molecular, or pathological attributes","MET_BONE;MET_BRAIN;MET_COUNT;MET_DRIVER;MET_LIVER;MET_LOCATION;MET_LUNG;MET_PERITONEUM;MET_PROTEIN;MET_SITE_COUNT;MET_SKIPPED_EXONS_18_AND_19;MET_SKIPPED_EXON_2",12,NA
"metastases_related","METASTASES-related clinical, molecular, or pathological attributes","METASTASES_SITE_FIRST_BONE;METASTASES_SITE_FIRST_BRAIN;METASTASES_SITE_FIRST_GYN;METASTASES_SITE_FIRST_LIVER;METASTASES_SITE_FIRST_LN;METASTASES_SITE_FIRST_LUNG;METASTASES_SITE_FIRST_PELVIS;METASTASES_SITE_FIRST_PERITONEUM_OMENTUM_ABDOMEN",8,NA
"metastasis_related","METASTASIS-related clinical, molecular, or pathological attributes","METASTASIS_BONE;METASTASIS_CODED;METASTASIS_LIVER;METASTASIS_LUNG;METASTASIS_OTHER;METASTASIS_SITE_CODE",6,NA
"metastasis_status","Presence or absence of distant metastatic disease","CLINICALLY_AGRESSIVE_AND_OR_METASTATIC;EXTRAHEPATIC_METASTASIS;IMPACT_METASTATIC_LESION;LYMPHATIC_METASTASIS;LYMPH_NODE_METASTASIS;METASTASIS;METASTATIC;METASTATIC_AT_DX;METASTATIC_BIOPSY_SITE;METASTATIC_BURDEN;METASTATIC_DISEASE;METASTATIC_DISEASE_CONFIRMED;METASTATIC_DX;METASTATIC_DX_CONFIRMED_BY;METASTATIC_DX_CONFIRMED_BY_OTHER;METASTATIC_DZ_FUP;METASTATIC_RECURRENCE_TIME_MONTHS;METASTATIC_TUMOR_INDICATOR;RECURRENT_METASTATIC_DISEASE",19,NA
"method_related","METHOD-related clinical, molecular, or pathological attributes","METHOD_OF_INITIAL_PATH_DIAGNOSIS;METHOD_OF_INITIAL_PATH_DIAGNOSIS_OTHER;METHOD_OF_INITIAL_SAMPLE_PROCUREMENT;METHOD_OF_INITIAL_SAMPLE_PROCUREMENT_OTHER;METHOD_OF_SAMPLE_PROCUREMENT",5,NA
"methylation_related","METHYLATION-related clinical, molecular, or pathological attributes","METHYLATION_AVAILABLE;METHYLATION_CLUSTER;METHYLATION_QUALITY;METHYLATION_STATUS",4,NA
"mets_related","METS-related temporal information or time measurements","METS_FREE_TIME_MONTHS;METS_SITES_AT_DX;METS_SITES_AT_METS_ABST;METS_SITES_AT_METS_ABST_ADRENAL_GLAND;METS_SITES_AT_METS_ABST_ASCITES;METS_SITES_AT_METS_ABST_BLADDER;METS_SITES_AT_METS_ABST_BONE;METS_SITES_AT_METS_ABST_BRAIN_CNS;METS_SITES_AT_METS_ABST_CHEST_WALL;METS_SITES_AT_METS_ABST_DIST_LYMPH;METS_SITES_AT_METS_ABST_INTRA_ABDOMINAL;METS_SITES_AT_METS_ABST_LIVER;METS_SITES_AT_METS_ABST_LUNG;METS_SITES_AT_METS_ABST_LYMPH_NODES;METS_SITES_AT_METS_ABST_OTHER;METS_SITES_AT_METS_ABST_OVARY;METS_SITES_AT_METS_ABST_PLEURAL_EFFUSION;METS_SITES_AT_METS_ABST_REG_LYMPH;METS_SITES_AT_METS_ABST_SKIN;METS_SITES_AT_METS_ABST_SOFT_TISSUE;METS_SITES_AT_METS_ABST_UNKNOWN;METS_SITES_AT_METS_DX;METS_SITES_AT_METS_DX_ADRENAL_GLAND;METS_SITES_AT_METS_DX_ALL;METS_SITES_AT_METS_DX_ASCITES;METS_SITES_AT_METS_DX_BLADDER;METS_SITES_AT_METS_DX_BONE;METS_SITES_AT_METS_DX_BRAIN_CNS;METS_SITES_AT_METS_DX_CHEST_WALL;METS_SITES_AT_METS_DX_DIST_LYMPH;METS_SITES_AT_METS_DX_INTRA_ABDOMINAL;METS_SITES_AT_METS_DX_LIVER;METS_SITES_AT_METS_DX_LUNG;METS_SITES_AT_METS_DX_LYMPH;METS_SITES_AT_METS_DX_OTHER;METS_SITES_AT_METS_DX_OVARY;METS_SITES_AT_METS_DX_PLEURAL_EFFUSION;METS_SITES_AT_METS_DX_REG_LYMPH;METS_SITES_AT_METS_DX_SKIN;METS_SITES_AT_METS_DX_SOFT_TISSUE;METS_SITES_AT_METS_DX_UNKNOWN",41,NA
"mgmt_related","MGMT-related clinical, molecular, or pathological attributes","MGMT_METHYLATION;MGMT_METHYLATION_METHOD;MGMT_PROMOTER_STATUS;MGMT_STATUS",4,NA
"micro_related","MICRO-related clinical, molecular, or pathological attributes","MICRO_RNA_CLUSTER;MICRO_RNA_SCORE",2,NA
"microrna_related","MICRORNA-related clinical, molecular, or pathological attributes","MICRORNA_DATA;MICRORNA_EXPRESSION_CLUSTER",2,NA
"minus_related","MINUS-related clinical, molecular, or pathological attributes","MINUS_X;MINUS_Y",2,NA
"mirna_related","MIRNA-related clinical, molecular, or pathological attributes","MIRNA_CLUSTER;MIRNA_EXPRESSION_CLUSTER_EC;MIRNA_EXPRESSION_CLUSTER_GEA;MIRNA_EXPRESSION_CLUSTER_GEA_CIN;MIRNA_EXPRESSION_CLUSTER_SCC",5,NA
"mitotic_related","MITOTIC-related clinical, molecular, or pathological attributes","MITOTIC_COUNT;MITOTIC_RATE;MITOTIC_SCORE",3,NA
"mlh1_related","MLH1-related clinical, molecular, or pathological attributes","MLH1_METHYLATION;MLH1_PROMOTER_HYPERMETHYLATION;MLH1_SILENCING",3,NA
"mll_related","MLL-related clinical, molecular, or pathological attributes","MLL_PTD;MLL_STATUS",2,NA
"mmrd_related","MMRD-related clinical, molecular, or pathological attributes","MMRD_IHC;MMRD_MECHANISM",2,NA
"molecular_related","MOLECULAR-related clinical, molecular, or pathological attributes","MOLECULAR_GROUP;MOLECULAR_STUDIES_OTHERS_PERFORMED;MOLECULAR_TEST_RESULT",3,NA
"mono_related","MONO-related clinical, molecular, or pathological attributes","MONO_COMBO;MONO_MULTIFOCAL",2,NA
"monosomy_related","MONOSOMY-related clinical, molecular, or pathological attributes","MONOSOMY_5;MONOSOMY_7",2,NA
"months_related","MONTHS-related temporal information or time measurements","MONTHS_FROM_MATCHED_PRIM;MONTHS_ON_STUDY;MONTHS_ON_TREATMENT",3,NA
"mpnst_related","MPNST-related clinical, molecular, or pathological attributes","MPNST_NF1_GENETIC_TESTING_INDICATOR;MPNST_NF1_MUTATIONS_IDENTIFIED;MPNST_NF_FAMILIAL_OR_SPORADIC;MPNST_NF_INDICATOR;MPNST_PLEXIFORM_NEUROFIBROMA_SITE",5,NA
"mrd_related","MRD-related clinical, molecular, or pathological attributes","MRD_AT_END_OF_COURSE_1;MRD_AT_END_OF_COURSE_2;MRD_END_CONSOLIDATION;MRD_END_CONSOLIDATION_SENSITIVITY;MRD_PERCENTAGE_AT_END_OF_COURSE_1;MRD_PERCENTAGE_AT_END_OF_COURSE_2;MRD_PERCENT_DAY_29;MRD_PERCENT_DAY_29_SENSITIVITY;MRD_PERCENT_DAY_43;MRD_PERCENT_DAY_8;MRD_PERCENT_DAY_8_SENSITIVITY",11,NA
"mrna_related","MRNA-related clinical, molecular, or pathological attributes","MRNA_CLUSTER;MRNA_DATA;MRNA_EXPRESSION_CLUSTER;MRNA_EXPRESSION_CLUSTER_EC;MRNA_EXPRESSION_CLUSTER_GEA;MRNA_EXPRESSION_CLUSTER_SCC;MRNA_EXPRESSION_SUBTYPE_TCGA;MRNA_STEMNESS_INDEX",8,NA
"msi_related","MSI-related clinical, molecular, or pathological attributes","MSI_COMMENT;MSI_PREDICTION_SCORE;MSI_SOMATIC_SITES;MSI_TOTAL_SITES;MSI_YN",5,"MSI: Microsatellite Instability"
"msi_score","Quantitative microsatellite instability score from molecular testing","MSI_SCORE;MSI_SCORE_MANTIS;MSI_SENSOR_SCORE",3,"MSI: Microsatellite Instability"
"msi_status","Microsatellite instability status: MSI-High, MSI-Low, or microsatellite stable","MSI_STATUS;MSI_STATUS_5_MARKER_CALL;MSI_STATUS_7_MARKER_CALL;MSI_TYPE",4,"MSI: Microsatellite Instability"
"msk_related","MSK-related clinical, molecular, or pathological attributes","MSK_IMPACT_BEYOND_FIRST_RELAPSE_BIOPSY;MSK_IMPACT_ON_DIAGNOSTIC_BIOPSY;MSK_IMPACT_ON_FIRST_RELAPSE_BIOPSY;MSK_SLIDE_ID",4,NA
"multiple_related","MULTIPLE-related clinical, molecular, or pathological attributes","MULTIPLE_CANCER_PREDISPOSITIONS;MULTIPLE_HN_CSCC;MULTIPLE_MEDICAL_CONDITIONS;MULTIPLE_TUMORS;MULTIPLE_TUMOR_LOCATIONS",5,NA
"mut_related","MUT-related clinical, molecular, or pathological attributes","MUT_CANCER_GENE_CENSUS_PROTEIN_CHANGE;MUT_CLINDX_TX_GENE_PROTEIN_CHANGE;MUT_DNAREPAIR_GENE_PROTEIN_CHANGE;MUT_DRIVER_PROTEIN_CHANGE;MUT_EPIGENETIC_PROTEIN_CHANGE;MUT_OTHER_PROTEIN_CHANGE;MUT_RARE_DRIVER_PROTEIN_CHANGE;MUT_TUMORPORTAL_GENE_PROTEIN_CHANGE",8,NA
"mutation_count","Total number of somatic mutations detected in sample","MUTATION_COUNT;MUTATION_COUNT_341;MUTATION_COUNT_EXCLUDINGINDELS;MUTATION_COUNT_EXCLUDINGINDELS_WGS;MUTATION_COUNT_EXCLUDING_SILENT;NONSYNONYMOUS_MUTATION_COUNT;TOTAL_MUTATIONS;TOTAL_MUTATION_COUNT;TOTAL_MUTATION_COUNT_PER_MB;TOTAL_MUTATION_COUNT_WGS",10,NA
"mutation_related","MUTATION-related genetic mutations or molecular alterations","MUTATION_DENSITY;MUTATION_LOAD;MUTATION_PHENOTYPE;MUTATION_RATE;MUTATION_RATE_341;MUTATION_RATE_CLUSTER;MUTATION_SIGNATURE_ACTIVITY_W1_COSMIC5;MUTATION_SIGNATURE_ACTIVITY_W2_COSMIC4;MUTATION_SIGNATURE_ACTIVITY_W3_COSMIC2;MUTATION_SIGNATURE_C>A;MUTATION_SIGNATURE_C>G;MUTATION_SIGNATURE_C>T;MUTATION_SIGNATURE_T>A;MUTATION_SIGNATURE_T>C;MUTATION_SIGNATURE_T>G;MUTATION_STATUS;MUTATION_TYPE",17,NA
"muts_related","MUTS-related clinical, molecular, or pathological attributes","MUTS_CLONAL;MUTS_SUBCLONAL;MUTS_SUBCLONAL_RATIO;MUTS_UNEVAL",4,NA
"myb_related","MYB-related clinical, molecular, or pathological attributes","MYB_ACTIVATION;MYB_MYBL1_FUSION;MYB_MYBL1_FUSION_METHOD;MYB_NFIB_CNA;MYB_NFIB_FISH;MYB_NFIB_NONSYNONYMOUS_COUNT;MYB_NFIB_REARRANGEMENT;MYB_NFIB_TRANSLOCATION;MYB_VALIDATION",9,NA
"myc_related","MYC-related clinical, molecular, or pathological attributes","MYC_BA;MYC_FISH;MYC_PATH",3,NA
"myriad_related","MYRIAD-related clinical status, score, or measurement","MYRIAD_GIS_SCORE;MYRIAD_SIGNATURE",2,NA
"ncentromeric_related","NCENTROMERIC-related clinical, molecular, or pathological attributes","NCENTROMERIC_AI;NCENTROMERIC_LOH",2,NA
"neoadjuvant_treatment","Pre-surgical neoadjuvant therapy to shrink tumor before surgery","HISTORY_NEOADJUVANT_MEDICATION;HISTORY_NEOADJUVANT_STEROID_TX;HISTORY_NEOADJUVANT_TRTYN;HISTORY_NEOADJUVANT_TX_TYPE;NEOADJUVANT;NEOADJUVANT_TARGETED;NEOADJUVANT_TREATMENT_DETAILS;TOTAL_CYCLES_NUM_NEOADJUVANT_ADJUVANT",8,NA
"nepc_related","NEPC-related clinical status, score, or measurement","NEPC_CAPTURE_SCORE;NEPC_POLYA_SCORE;NEPC_SCORE",3,NA
"new_tumor_event","New tumor occurrence, recurrence, or progression after treatment","BIOCHEMICAL_RECURRENCE_INDICATOR;DAYS_TO_BIOCHEMICAL_RECURRENCE_FIRST;DAYS_TO_NEW_TUMOR_EVENT;DISEASE_RECURRENCE_OR_PERSISTENCE;DISTANT_RECURRENCE_NUM;DISTANT_RECURRENCE_SITE;LOCAL_RECURRENCE_MONTHS;LOCAL_RECURRENCE_NUM;LOCAL_REGIONAL_RECURRENCE_LOCATION;LOCOREGIONAL_RECURRENCE_INDICATOR;METASTATIC_RECURRENCE_TIME_MONTHS;NEW_TUMOR_EVENT_AFTER_INITIAL_TREATMENT;NEW_TUMOR_EVENT_DX_INDICATOR;NEW_TUMOR_EVENT_MELANOMA_COUNT;NEW_TUMOR_EVENT_OTHER_SITE;NEW_TUMOR_EVENT_PRIOR_TO_BCR_TUMOR;NEW_TUMOR_EVENT_SITE;NEW_TUMOR_EVENT_TYPE;NUMBER_OF_PRIOR_RECURRENCES;POST_PROGRESSION;PROGRESSION_OF_DISEASE;PROGRESSION_STATUS;SOURCE_OF_RECURRENCE_TISSUE;TIME_TO_LOCAL_RECURRENCE_STATUS;TIME_TO_PROGRESSION_OF_DISEASE;TIME_TO_RECURRENCE_MONTHS",26,NA
"nf1_related","NF1-related clinical, molecular, or pathological attributes","NF1_GENOTYPE;NF1_MUTATION",2,NA
"ngs_related","NGS-related temporal information or time measurements","NGS_SAMPLE_COLLECTION_TIME;NGS_TEST;NGS_TYPE",3,NA
"ninterstitial_related","NINTERSTITIAL-related clinical, molecular, or pathological attributes","NINTERSTITIAL_AI;NINTERSTITIAL_LOH",2,NA
"nmf_related","NMF-related clinical, molecular, or pathological attributes","NMF_CLUSTER;NMF_CLUSTER_MEMBERSHIP;NMF_CLUSTER_MEMBERSHIP_SCORE;NMF_CONSENSUS;NMF_SUBTYPE_CORE;NMF_SUBTYPE_MEMBERSHIP_SCORE",6,NA
"nodule_related","NODULE-related clinical, molecular, or pathological attributes","NODULE_NUMBER;NODULE_SIZE",2,NA
"non_related","NON-related clinical, molecular, or pathological attributes","NON_AML_MDSMPN_DIAGNOSIS_AT_ACQUISITION;NON_AML_MDSMPN_SPECIFIC_DX_AT_ACQUISITION;NON_NEOPLASTIC_DUCT;NON_SILENT_MUTATION;NON_SILENT_MUT_TP53_ATRX_CIC_FUBP1;NON_TARGET_PROG_ONLY;NON_VIRAL",7,NA
"noninvasive_related","NONINVASIVE-related clinical, molecular, or pathological attributes","NONINVASIVE_BLADDER_CA_TX_TYPE;NONINVASIVE_BLADDER_HISTORY",2,NA
"nonsilent_related","NONSILENT-related clinical, molecular, or pathological attributes","NONSILENT_DENSITY_AGE_FIT;NONSILENT_MUTATION_DENSITY;NONSILENT_PER_MB;NONSILENT_RATE",4,NA
"nonsyns_related","NONSYNS-related clinical, molecular, or pathological attributes","NONSYNS_CLONAL;NONSYNS_SUBCLONAL;NONSYNS_UNEVAL",3,NA
"normal_related","NORMAL-related clinical, molecular, or pathological attributes","NORMAL_EXOME_DEPTH;NORMAL_GENOME_LIBRARY;NORMAL_SITE",3,NA
"nras_related","NRAS-related genetic mutations or molecular alterations","NRAS_MUTATION;NRAS_STATUS",2,NA
"nte_related","NTE-related clinical, molecular, or pathological attributes","NTE_CENT_17_HER2_RATIO;NTE_ER_IHC_INTENSITY_SCORE;NTE_ER_STATUS;NTE_ER_STATUS_IHC_POSITIVE;NTE_ER_STATUS_IHC__POSITIVE;NTE_HER2_FISH_STATUS;NTE_HER2_POSITIVITY_IHC_SCORE;NTE_HER2_STATUS;NTE_HER2_STATUS_IHC_POSITIVE;NTE_HER2_STATUS_IHC__POSITIVE;NTE_LESION_PATHOLOGIC_DEPTH;NTE_LESION_PATHOLOGIC_LENGTH;NTE_LESION_PATHOLOGIC_WIDTH;NTE_LESION_RADIOLOGIC_DEPTH;NTE_LESION_RADIOLOGIC_LENGTH;NTE_LESION_RADIOLOGIC_WIDTH;NTE_PR_IHC_INTENSITY_SCORE;NTE_PR_STATUS_BY_IHC;NTE_PR_STATUS_IHC_POSITIVE;NTE_PR_STATUS_IHC__POSITIVE",20,NA
"ntelomeric_related","NTELOMERIC-related clinical, molecular, or pathological attributes","NTELOMERIC_AI;NTELOMERIC_AI_SIZE;NTELOMERIC_LOH",3,NA
"num_related","NUM-related genetic mutations or molecular alterations","NUM_DBSNP_MUTATIONS;NUM_DRIVER_SCNA;NUM_DRIVER_SV;NUM_EXTRANODAL_SITES;NUM_FULL_TERM_PREGNANCIES;NUM_LINES;NUM_LINES_HORMONE;NUM_LINES_IMMUNO;NUM_LINES_IODINE;NUM_LINES_NTRK;NUM_LINES_TARGETED;NUM_MUT_APOBEC;NUM_MUT_CPGT;NUM_MUT_DBSNP;NUM_NONSILENT_MUTATION;NUM_PRIOR_THERAPIES;NUM_PROTEIN_ALTERING_MUTATIONS;NUM_SAMPLES_CAPTURE_MULTIPLEX;NUM_SILENT_MUTATION;NUM_SOMATIC_MUTATION;NUM_TCRB_CLONES;NUM_TCRB_TEMPLATE",22,NA
"number_related","NUMBER-related genetic mutations or molecular alterations","NUMBER_OF_CLONAL_MUTATIONS_WITH_BINDING_NEOANTIGENS;NUMBER_OF_CYCLES_FLUORO-PYRIMIDINE;NUMBER_OF_CYCLES_PEMBROLIZUMAB;NUMBER_OF_CYCLES_PLATINUM;NUMBER_OF_CYCLES_TRASTUZUMAB;NUMBER_OF_LINES_OF_TREATMENT_FOR_MET_DISEASE;NUMBER_OF_LYMPHNODES_POSITIVE;NUMBER_OF_LYMPH_NODES_EXAMINED;NUMBER_OF_LYMPH_NODES_POSITIVE_FOR_TUMOR;NUMBER_OF_MUTATIONS;NUMBER_OF_MUTATIONS_WITH_BINDING_NEOANTIGENS;NUMBER_OF_MUTATIONS_WITH_WEAK_BINDING_NEOANTIGENS;NUMBER_OF_NON_SYNONYMOUS_MUTATIONS;NUMBER_OF_PD1_INHIBITOR_INJECTIONS;NUMBER_OF_RELATIVES_DIAGNOSED;NUMBER_OF_RELATIVES_WITH_STOMACH_CANCER;NUMBER_OF_SITES;NUMBER_OF_TUMORS;NUMBER_SOMATIC_MUTATIONS",19,NA
"occupation_related","OCCUPATION-related clinical, molecular, or pathological attributes","OCCUPATION_CURRENT;OCCUPATION_PRIMARY;OCCUPATION_PRIMARY_CHEMICAL_EXPOSURE;OCCUPATION_PRIMARY_INDUSTRY;OCCUPATION_PRIMARY_YEARS_WORKED",5,NA
"off_related","OFF-related clinical, molecular, or pathological attributes","OFF_ARSI;OFF_STUDY_REASON;OFF_TREATMENT",3,NA
"oncotree_code","OncoTree standardized code for tumor type classification","ONCOTREE CODE;ONCOTREE_CODE;ONCOTREE_CODE_CANCER_TYPE;ONCOTREE_PATIENT",4,NA
"ongoing_related","ONGOING-related clinical status, score, or measurement","ONGOING_STATUS;ONGOING_TREATMENT",2,NA
"os_months","Overall survival duration in months from diagnosis or treatment","GMED_OS_MONTHS;IO_EGC_SURVIVAL_OS_MONTHS_START_OF_IO_TO_DATE_OF_DEATH_LAST_FOLLOW_UP;IO_OS_MONTHS_START_OF_IO;OS_MONTHS;OS_MONTHS_ADDITIONAL;OS_MONTHS_DIAGNOSIS_TO_FU;OS_MONTHS_DIAG_TO_COLL;OS_MONTHS_DMT;OS_MONTHS_FROM_RX;OS_MONTHS_STAGE_IV;OVERALL_SURVIVAL_MONTHS;PLATINUM_OS_MONTHS;POST_RECURRENCE_SURVIVAL_MONTHS",13,"OS: Overall Survival"
"os_status","Overall survival status indicating alive or deceased at last follow-up","HER2_VITAL_STATUS;OS_STATUS;OS_STATUS_DMT;OS_STATUS_IO;OS_STATUS_SORAFENIB;PLATINUM_OS_STATUS;VITAL_STATUS;VITAL_STATUS_CODE",8,"OS: Overall Survival"
"other_related","OTHER-related clinical, molecular, or pathological attributes","OTHER_CANCER_HISTORY;OTHER_CYTOGENETICS;OTHER_CYTOTOXIC_TX;OTHER_DISEASES;OTHER_DNP;OTHER_FSM;OTHER_HEPATO_CARCINOMA_RISK_FACTORS;OTHER_HYSTERECTOMY_TYPE;OTHER_IHC_SPECIFY;OTHER_IMMUNOSUPPRESSIVE_DISEASE;OTHER_INVOLVED_MARGINS;OTHER_MLL;OTHER_POS_NODE_LOCATION;OTHER_SITES_OF_METS;OTHER_SITE_OF_RELAPSE;OTHER_SKIN_TUMORS;OTHER_TREATMENT_RESPONSE",17,NA
"overall_related","OVERALL-related clinical status, score, or measurement","OVERALL_HER2_STATUS;OVERALL_HER2_STATUS_PATIENT;OVERALL_HR_STATUS_PATIENT;OVERALL_RECEPTOR_STATUS_PATIENT;OVERALL_RESPONSE",5,NA
"pack_related","PACK-related clinical, molecular, or pathological attributes","PACK_YEARS;PACK_YEARS_SMOKED",2,NA
"pan_related","PAN-related clinical, molecular, or pathological attributes","PAN_GLIOMA_DNA_METHYLATION_CLUSTER;PAN_GLIOMA_RNA_EXPRESSION_CLUSTER",2,NA
"path_related","PATH-related clinical, molecular, or pathological attributes","PATH_CANCER_MAX_DIM_CM;PATH_DIAG_TO_DEATH_DAYS;PATH_DIAG_TO_LAST_CONTACT_DAYS;PATH_DIAG_TO_TUMOR_REOCCUR_DAYS;PATH_DX_MSK;PATH_GLEASON_SCORE;PATH_GLEASON_SCORE_1;PATH_GLEASON_SCORE_2;PATH_MARGIN;PATH_SLIDE_EXISTS;PATH_STAGE_DIST_METS-PM;PATH_STAGE_PRIMARY_TUMOR-PT;PATH_STAGE_REG_LYMPH_NODES-PN",13,NA
"pathologic_related","PATHOLOGIC-related clinical, molecular, or pathological attributes","PATHOLOGIC_DISTANT_SPREAD;PATHOLOGIC_DOWNSTAGING;PATHOLOGIC_SPREAD_INCIDENTAL_PROSTATE_CANCER;PATHOLOGIC_STAGE_AJCC7_AT_DIAGNOSIS_COMPLEX;PATHOLOGIC_STAGE_AJCC7_AT_DIAGNOSIS_SIMPLE;PATHOLOGIC_STAGING_PRIMARY_TUMOR_PT;PATHOLOGIC_STAGING_REGIONAL_LYMPH_NODES_PN",7,NA
"pathological_related","PATHOLOGICAL-related clinical, molecular, or pathological attributes","PATHOLOGICAL_DIAGNOSIS;PATHOLOGICAL_TUMORRESPONSE",2,NA
"pathology_related","PATHOLOGY-related clinical, molecular, or pathological attributes","PATHOLOGY_BASED_HISTOLOGY_ASSESSMENT;PATHOLOGY_CLASSIFICATION;PATHOLOGY_LAUREN;PATHOLOGY_OF_NORMAL_MUCOSA;PATHOLOGY_STATUS",5,NA
"pathology_report","Pathology report file name, UUID, or identifier","PATHOLOGY_REPORT_FILE_NAME;PATHOLOGY_REPORT_UUID",2,"UUID: Universally Unique Identifier"
"pathway_related","PATHWAY-related clinical, molecular, or pathological attributes","PATHWAY_ACTIVITY_EGFR;PATHWAY_ACTIVITY_HYPOXIA;PATHWAY_ACTIVITY_JAK.STAT;PATHWAY_ACTIVITY_MAPK;PATHWAY_ACTIVITY_NFKB;PATHWAY_ACTIVITY_P53;PATHWAY_ACTIVITY_PI3K;PATHWAY_ACTIVITY_TGFB;PATHWAY_ACTIVITY_TNFA;PATHWAY_ACTIVITY_TRAIL;PATHWAY_ACTIVITY_VEGF",11,NA
"patient_id","Unique patient or participant identifier across studies and databases","EXTERNAL_PATIENT_ID;INVESTIGATOR_PATIENT_ID;OTHER_PATIENT_ID;patientId",4,NA
"patient_related","PATIENT-related clinical, molecular, or pathological attributes","PATIENT_ASSAYS;PATIENT_DEATH_REASON;PATIENT_DISPLAY_NAME;PATIENT_ISABL_ID;PATIENT_NOTES;PATIENT_TO_UNDERGO_SURGERY",6,NA
"patients_related","PATIENTS-related clinical, molecular, or pathological attributes","PATIENTS_IN_GROUP0;PATIENTS_IN_GROUP1;PATIENTS_IN_GROUP2;PATIENTS_IN_GROUP3;PATIENTS_IN_GROUP4;PATIENTS_IN_GROUP5;PATIENTS_IN_GROUP6",7,NA
"pd1_related","PD1-related clinical, molecular, or pathological attributes","PD1_INHIBITOR;PD1_INHIBITOR_CONCURRENTLY_WITH_BCNU/CCNU;PD1_INHIBITOR_CONCURRENTLY_WITH_BEV;PD1_INHIBITOR_CONCURRENTLY_WITH_DC_VAX;PD1_INHIBITOR_CONCURRENTLY_WITH_HYDROXYUREA;PD1_INHIBITOR_CONCURRENTLY_WITH_NOVO-TTF;PD1_INHIBITOR_CONCURRENTLY_WITH_TEMODAR;PD1_INHIBITOR_STARTED_FOR_PD;PD1_INHIBITOR_WITH_CELECOXIB;PD1_INHIBITOR_WITH_IMATINIB",10,NA
"pdl1_related","PDL1-related clinical, molecular, or pathological attributes","PDL1_EXP;PDL1_EXPRESSION;PDL1_POSITIVE_1PERCENT;PDL1_POSITIVE_5PERCENT;PDL1_SCORE;PDL1_TISSUE_SITE",6,NA
"percent_related","PERCENT-related percentage, fraction, or proportion measurement","PERCENT_CHANGE_BY_PET;PERCENT_CHANGE_BY_RECIST;PERCENT_GLEASON_PATTERN_4_OR_5;PERCENT_LYMPHOCYTE_INFILTRATION;PERCENT_TUMOR_CELLS;PERCENT_TUMOR_CELLS_RELAPSE;PERCENT_TUMOR_NUCLEI;PERCENT_TUMOR_VS_STROMA",8,NA
"percentage_measurement","Various percentage or fraction measurements","AML_IN_SKIN_PERCENTAGE;ESTIMATED_LEUKOCYTE_PERCENTAGE;INTESTINAL_PERCENTAGE;LOSS_OF_HETEROZYOSITY_PERCENTAGE;PB_BASOPHILS_PERCENTAGE;PB_EOSINOPHILS_PERCENTAGE;PB_IMMATURE_GRANULOCYTES_PERCENTAGE;PB_LYMPHOCYTES_PERCENTAGE;PB_MONOCYTES_PERCENTAGE;PB_NEUTROPHILS_PERCENTAGE;PB_NUCLEATED_RBC_PERCENTAGE;TUMOR_MORPHOLOGY_PERCENTAGE",12,NA
"performance_related","PERFORMANCE-related clinical status, score, or measurement","PERFORMANCE_STATUS;PERFORMANCE_STATUS_DAYS_TO;PERFORMANCE_STATUS_OTHER_TIMING;PERFORMANCE_STATUS_TIMING",4,NA
"pet_related","PET-related clinical, molecular, or pathological attributes","PET_BEST_RESPONSE;PET_RESPONDER;PET_TBR",3,NA
"pfs_months","Progression-free survival duration in months without disease progression","IO_PFS_MONTHS_START_OF_IO_TO_POD;PFS_MONTHS;PFS_MONTHS_FIRST_LINE_TX;PLATINUM_PFS_MONTHS",4,"PFS: Progression-Free Survival"
"pfs_related","PFS-related clinical, molecular, or pathological attributes","PFS_CENSOR;PFS_DATE;PFS_EVENT;PFS_IO;PFS_SORAFENIB_TREATMENT",5,"PFS: Progression-Free Survival"
"pfs_status","Progression-free survival status indicating progression or progression-free state","IO_PFS_STATUS;PFS_STATUS;PFS_STATUS_IO;PFS_STATUS_SORAFENIB_TREATMENT;PLATINUM_PFS_STATUS",5,"PFS: Progression-Free Survival"
"pharm_related","PHARM-related clinical, molecular, or pathological attributes","PHARM_TX_MITOTANE_FOR_MACRO_DISEASE;PHARM_TX_MITOTANE_INDICATOR;PHARM_TX_MITOTANE_THERAPUTIC_AT_PROG;PHARM_TX_MITOTANE_THERAPUTIC_AT_REC;PHARM_TX_MITOTANE_THERAPUTIC_LEVELS;PHARM_TX_MITOTANE_THERAPUTIC_MACRO",6,NA
"pharmaceutical_therapy","Systemic drug therapy including chemotherapy and targeted agents","ADJUVANT_CHEMO;ADJUVANT_CHEMOTHERAPY;ADJUVANT_CHEMO_REGIMEN;AGE_AT_CHEMOTHERAPY_START;AGE_AT_CHEMOTHERAPY_STOP;ALKYLATING_CHEMOTHERAPY;ANY_LINE_CHEMO;BEST_RESPONSE_CHEMOTHERAPY;BEST_RESPONSE_CHEMOTHERAPY_AND_IMMUNOTHERAPY;CHEMOTHERAPY;CHEMOTHERAPY+IMMUNOTHERAPY;CHEMOTHERAPY_AGENTS;CHEMOTHERAPY_PRIOR_SAMPLE_ACQUIRED;CHEMOTHERAPY_TYPE;CHEMO_CONCURRENT_COURSE;CHEMO_CONCURRENT_DOSE;CHEMO_CONCURRENT_FRACTIONS_TOTAL;CHEMO_CONCURRENT_REASON_NOT_GIVEN;CHEMO_CONCURRENT_REASON_NOT_OTHER;CHEMO_CONCURRENT_TYPE;CHEMO_CONCURRENT_TYPE_OTHER;CHEMO_CYCLES;CHEMO_DETAILS;CHEMO_EXP_SEQ_SPECIMEN;CHEMO_FIRST_LINE;CHEMO_OTHER;CHEMO_OTHER_CYCLES;CHEMO_REGIMEN_CATEGORY;CHEMO_RESISTANT;CHEMO_SURVIVAL;CHEMO_TX;CONCURRENT_CHEMOTHERAPY;CRT_CHEMOAGENT;CUMULATIVE_CHEMO;DOSAGE;FIRSTLINE_CHEMO_GROUP;GYN_DIAGNOSIS_CHEMO_INTENT_DESCRIPTION;IPCHEMO_FIRST_CRS;LINE_OBR_CHEMO;LINE_OBR_CHEMO_G;NEOADJUVANT_CHEMO;NEOADJUVANT_CHEMOTHERAPY;NEOADJ_CHEMO;NEOADJ_CHEMOAGENT;NEOADJ_CHEMOCYCLES;NUM_LINES_CHEMO;PHARMACEUTICAL_TX_ADJUVANT;POST_SAMPLE_CHEMOTHERAPY;PRD_CHEMOTHERAPY;PRE_SAMPLE_CHEMOTHERAPY;PRIOR_ADJUVANT_CHEMO;PRIOR_INTRAVESICAL_CHEMOTHERAPY;PRIOR_TREATMENT_OF_CYTOTOXIC_CHEMOTHERAPY;RADIATION_OR_CHEMOTHERAPY;R_CHOP_LIKE_CHEMO;SALVAGE_CHEMO;SPECIMEN_COLLECTION_PRE_OR_POST_CHEMO;SURVIVAL_FROM_FIRST_CHEMOTHERAPY;SYSTEMIC_CHEMO;SYSTEMIC_THERAPY;TREATMENT_CHEMOTHERAPY",61,NA
"pi3k_related","PI3K-related clinical, molecular, or pathological attributes","PI3K_AKT1;PI3K_AKT2;PI3K_AKT3;PI3K_DEPDC5;PI3K_DEPTOR;PI3K_INPP4B;PI3K_MAPKAP1;PI3K_MLST8;PI3K_MTOR;PI3K_NPRL2;PI3K_NPRL3;PI3K_PATHWAY;PI3K_PDK1;PI3K_PIK3CA;PI3K_PIK3CB;PI3K_PIK3R1;PI3K_PIK3R2;PI3K_PPP2R1A;PI3K_PTEN;PI3K_RHEB;PI3K_RICTOR;PI3K_RPS6;PI3K_RPS6KB1;PI3K_RPTOR;PI3K_STK11;PI3K_TSC1;PI3K_TSC2",27,"PI3K: Phosphoinositide 3-Kinase"
"pik3ca_related","PIK3CA-related genetic mutations or molecular alterations","PIK3CA_MUTATION;PIK3CA_MUT_PRE_TREATMENT_TUMOR;PIK3CA_PATHWAY_ALTERATION_STATUS;PIK3CA_PRE_TREATMENT_TUMOR;PIK3CA_PROTEIN_CODING",5,NA
"pik3r1_related","PIK3R1-related clinical status, score, or measurement","PIK3R1_LOSS_STATUS;PIK3R1_STATUS",2,NA
"platelet_related","PLATELET-related clinical, molecular, or pathological attributes","PLATELET_COUNT;PLATELET_COUNT_PRERESECTION;PLATELET_NORM_RANGE_LOWER;PLATELET_NORM_RANGE_UPPER",4,NA
"platform","Sequencing platform, technology, or instrument used","PLATFORM;SECONDARY_PLATFORM;SEQUENCING_PLATFORM",3,NA
"platinum_related","PLATINUM-related clinical, molecular, or pathological attributes","PLATINUM_BEST_RESPONSE;PLATINUM_GERMLINE_TESTED;PLATINUM_HRD_MUTATION;PLATINUM_LST_SCORE;PLATINUM_STATUS;PLATINUM_TX",6,NA
"pleura_related","PLEURA-related temporal information or time measurements","PLEURA_MONTHS;PLEURA_STATUS",2,NA
"polyps_related","POLYPS-related clinical, molecular, or pathological attributes","POLYPS_HISTORY;POLYPS_PRESENT",2,NA
"pos_related","POS-related clinical, molecular, or pathological attributes","POS_ARCHER;POS_CYTOGENETICS;POS_IMPACT;POS_LYMPH_NODE_LOCATION;POS_METHOD",5,NA
"positive_related","POSITIVE-related clinical, molecular, or pathological attributes","POSITIVE_LYMPH_NODE;POSITIVE_MARGIN",2,NA
"post_related","POST-related clinical, molecular, or pathological attributes","POST_CTLA4;POST_MAPK_TX;POST_ORCHI_AFP;POST_ORCHI_HCG;POST_ORCHI_LDH;POST_ORCHI_LH;POST_ORCHI_LYMPH_NODE_DISSECTION;POST_ORCHI_TESTOSTERONE;POST_SAMPLE_TARGETED;POST_SAMPLE_TX",10,NA
"prd_related","PRD-related clinical, molecular, or pathological attributes","PRD_CURRENT_LOCATION;PRD_DIAGNOSIS_LOC;PRD_DIAGNOSIS_MET_ADV;PRD_EVER_LOCATION;PRD_EXP_CLINICAL_TRIAL;PRD_FAMILY_HISTORY;PRD_LOCATION_AT_ENROLLMENT;PRD_OTHER_CANCER;PRD_OTHER_CANCER_LIST;PRD_PROSTATECTOMY;PRD_SURGERY;PRD_SURGERY_CLEAN_MARGINS;PRD_TREATED_AT_ENROLLMENT",13,NA
"pre_related","PRE-related clinical, molecular, or pathological attributes","PRE_ORCHI_AFP;PRE_ORCHI_HCG;PRE_ORCHI_LDH;PRE_ORCHI_LH;PRE_ORCHI_TESTOSTERONE;PRE_SAMPLE_TARGETED;PRE_SAMPLE_TX",7,NA
"pregnancies_related","PREGNANCIES-related clinical, molecular, or pathological attributes","PREGNANCIES_COUNT_ECTOPIC;PREGNANCIES_COUNT_INDUCED_ABORTION;PREGNANCIES_COUNT_LIVE_BIRTH;PREGNANCIES_COUNT_STILLBIRTH;PREGNANCIES_COUNT_TOTAL;PREGNANCIES_FULL_TERM_COUNT",6,NA
"preservation_method","Sample preservation method: FFPE, frozen, or fresh tissue","IS_FFPE;OCT_EMBEDDED;SPECIMEN_PRESERVATION;SPECIMEN_PRESERVATION_TYPE",4,"FFPE: Formalin-Fixed Paraffin-Embedded"
"previous_related","PREVIOUS-related clinical, molecular, or pathological attributes","PREVIOUS_MAPKI;PREVIOUS_TREATMENT",2,NA
"primary_related","PRIMARY-related clinical, molecular, or pathological attributes","PRIMARY_AT_DX_COUNT;PRIMARY_CYTOGENETIC_CODE;PRIMARY_DEPTH;PRIMARY_EXOME;PRIMARY_LYMPH_NODE_PRESENTATION_ASSESSMENT;PRIMARY_MELANOMA_KNOWN_DX;PRIMARY_MELANOMA_MITOTIC_RATE;PRIMARY_MELANOMA_SKIN_TYPE;PRIMARY_MELANOMA_TUMOR_ULCERATION;PRIMARY_MET;PRIMARY_MITOSES;PRIMARY_MULTIPLE_AT_DX;PRIMARY_RPLND;PRIMARY_SURGERY;PRIMARY_TISSUE;PRIMARY_TUMOR_LOCALIZATION_TYPE;PRIMARY_TUMOR_LOCATION;PRIMARY_TUMOR_PATHOLOGIC_SPREAD;PRIMARY_TUMOR_SIZE;PRIMARY_TYPE;PRIMARY_VS_SECONDARY",21,NA
"prior_malignancy","History of prior cancer diagnosis or malignancy","HISTORY_OTHER_MALIGNANCY;PRIOR_DIAGNOSIS;PRIOR_MALIGNANCY_NON_MYELOID;PRIOR_MALIGNANCY_TYPE",4,NA
"prior_related","PRIOR-related clinical, molecular, or pathological attributes","PRIOR_BREAST_PRIMARY;PRIOR_CANCER;PRIOR_CTLA4;PRIOR_DX;PRIOR_GLIOMA;PRIOR_LINES;PRIOR_MAPK_TX;PRIOR_MDS;PRIOR_MDSMPN;PRIOR_MDS_MORE_THAN_TWO_MTHS;PRIOR_MDS_MPN;PRIOR_MDS_MPN_MORE_THAN_TWO_MTHS;PRIOR_MGUS;PRIOR_MKI;PRIOR_MPN;PRIOR_MPN_MORE_THAN_TWO_MONTHS;PRIOR_SYSTEMIC_THERAPIES;PRIOR_TREATMENT;PRIOR_TUMOR;PRIOR_TX_TO_IMPACT_SAMPLE",20,NA
"prog_related","PROG-related clinical, molecular, or pathological attributes","PROG_DEATH;PROG_DEATH_TIME_YRS;PROG_EVAL_C",3,NA
"progesterone_related","PROGESTERONE-related clinical, molecular, or pathological attributes","PROGESTERONE_RECEPTOR;PROGESTERONE_RECEPTOR_%",2,NA
"proteomics_related","PROTEOMICS-related clinical, molecular, or pathological attributes","PROTEOMICS_10PLEX_ID;PROTEOMICS_OCT;PROTEOMICS_TMT_BATCH;PROTEOMICS_TMT_CHANNEL;PROTEOMICS_TMT_LABEL;PROTEOMICS_TMT_PLEX;PROTEOMICS_TUMOR_NORMAL",7,NA
"prothrombin_related","PROTHROMBIN-related temporal information or time measurements","PROTHROMBIN_TIME_INR_AT_PROCUREMENT;PROTHROMBIN_TIME_NORM_RANGE_UPPER",2,NA
"pten_related","PTEN-related clinical, molecular, or pathological attributes","PTEN_CNA;PTEN_CYT;PTEN_MUTATION;PTEN_NUC",4,"PTEN: Phosphatase and Tensin Homolog"
"race","Patient self-reported or documented racial category","PRD_RACE;RACE",2,NA
"race_related","RACE-related clinical, molecular, or pathological attributes","RACE_CATEGORIZED;RACE_CATEGORY",2,NA
"radiation_therapy","Radiation therapy status, type, or anatomical site treated","ACQUIRED_AFTER_RADIOTHERAPY;ADJUVANT_RADIATION_THERAPY;ADJUVANT_XRT;ADJ_XRT;AGE_AT_CHEMOTHERAPY_START;AGE_AT_RADIATION_START;AGE_AT_RADIATION_STOP;AGE_AT_SEQ_REPORT;ANALYSIS_COHORT;BIOPSY_COHORT;COHORT;COMPLETED_RADIATION_DOSE;COMPLETED_TOTAL_RADIATION_DOSE;DOSE_MG_DAY_STEROID_PD1_START;DOSE_OF_RE-IRRADIATION;DRUG_START;HISTORY_RADIATION_EXPOSURE;KPS_AT_PD1_INHIBITOR_START;METASTATIC_RADIATION_THERAPY;NEOADJUVANT_XRT;PD1_INHIBITOR_CONCURRENTLY_WITH_RE-IRRADIATION;POST_SAMPLE_XRT;PRD_OTHER_CANCER_RADIATION;PRD_RADIATION;PRD_RADIATION_SURGERY;PRE_SAMPLE_XRT;PRIMARY_RADIATION_THERAPY;PRIORRADIATIONFOROTHERCANCER;PRIOR_MALIGNANCY_RADIATION_TX;RADIATION;RADIATION_DOSE;RADIATION_DOSE_PELVIC_NODES_PRIMARY_TUMOR.;RADIATION_OR_CHEMOTHERAPY;RADIATION_OTHER;RADIATION_SITE;RADIATION_THERAPY;RADIATION_THERAPY_DOSE_PARAAORTIC_NODES;RADIATION_THERAPY_XRT_TYPE;RADIATION_TREATMENT_ADJUVANT;RADIATION_TYPE;RADIATION_TYPE_OTHER;RADIOTHERAPY;RADIOTHERAPY_FRACTIONS;RADIOTHERAPY_TX;RADIO_THERAPY;TREATMENT_PALLIATIVE_RADIATION;TREATMENT_RADIATION;YEAR_NAT_START",48,NA
"ralp_related","RALP-related clinical, molecular, or pathological attributes","RALP_EXTRACAPSULAR_EXTENSION;RALP_MARGIN;RALP_NUMBER_POSITIVE_LN;RALP_PERINEURAL_INVASION;RALP_POSITIVE_LN;RALP_SEMINAL_VESICLES",6,NA
"ratio_related","RATIO-related genetic mutations or molecular alterations","RATIO_OF_CLONAL_TO_ALL_MUTATIONS;RATIO_OF_CLONAL_TO_CLONAL_AND_SUBCLONAL",2,NA
"rb1_related","RB1-related clinical, molecular, or pathological attributes","RB1_CNA;RB1_MUT;RB1_MUTATION;RB1_MUTATION_STATUS",4,"RB1: Retinoblastoma 1"
"reason_related","REASON-related clinical, molecular, or pathological attributes","REASON_FOR_TX_DISCONTINUATION;REASON_STOP",2,NA
"rec_related","REC-related clinical, molecular, or pathological attributes","REC_AFTER_FIRST_LINE;REC_GREATER_THAN_1_DOT_5",2,NA
"received_related","RECEIVED-related clinical, molecular, or pathological attributes","RECEIVED_IO_AFTER_1ST_LINE;RECEIVED_TARGETED_TX",2,NA
"recist_related","RECIST-related clinical, molecular, or pathological attributes","RECIST_BURDEN_OF_DISEASE;RECIST_RESPONSE",2,NA
"recurrent_related","RECURRENT-related clinical, molecular, or pathological attributes","RECURRENT_DISEASE_TUMOR_STUDIED;RECURRENT_FREE_INTERVAL_MONTHS",2,NA
"regional_related","REGIONAL-related clinical, molecular, or pathological attributes","REGIONAL_LYMPH_NODE;REGIONAL_LYMPH_NODES;REGIONAL_VS_PRIMARY",3,NA
"relapse_related","RELAPSE-related percentage, fraction, or proportion measurement","RELAPSE_PERCENT_NECROSIS;RELAPSE_PERCENT_STROMA;RELAPSE_SEQUENCED",3,NA
"related_related","RELATED-related clinical, molecular, or pathological attributes","RELATED_SYMPTOM_FIRST_PRESENT;RELATED_TUMORS_OUTSIDE_ADRENAL_GLANDS",2,NA
"residual_tumor","Residual tumor presence after surgical resection or treatment","RESIDUAL_TUMOR;TUMOR_RESIDUAL_DISEASE",2,NA
"response_related","RESPONSE-related clinical, molecular, or pathological attributes","RESPONSE_DURATION;RESPONSE_DURATION_TO_INDUCTION_TX;RESPONSE_PCR_OR_CCR;RESPONSE_PCR_OR_CCR_TWO_YEARS;RESPONSE_TO_INDUCTION_TX",5,NA
"ret_related","RET-related clinical, molecular, or pathological attributes","RET_AF;RET_ALT;RET_DRIVER;RET_FUSION;RET_PROTEIN",5,NA
"reviewed_related","REVIEWED-related clinical, molecular, or pathological attributes","REVIEWED_GLEASON;REVIEWED_GLEASON_CATEGORY;REVIEWED_GLEASON_SUM",3,NA
"rfs_related","RFS-related temporal information or time measurements","RFS_MONTHS;RFS_STATUS",2,NA
"risk_related","RISK-related clinical, molecular, or pathological attributes","RISK_CYTO;RISK_GROUP;RISK_MOLECULAR",3,NA
"rna_related","RNA-related clinical, molecular, or pathological attributes","RNA_SEQUENCED;RNA_SEQ_ANALYSIS",2,"RNA: Ribonucleic Acid"
"ros1_related","ROS1-related clinical, molecular, or pathological attributes","ROS1_DRIVER;ROS1_FUSION;ROS1_PROTEIN",3,NA
"rppa_related","RPPA-related clinical, molecular, or pathological attributes","RPPA_CLUSTER;RPPA_CLUSTER_EC;RPPA_CLUSTER_GEA;RPPA_CLUSTER_GEA_CIN;RPPA_CLUSTER_SCC",5,NA
"sample_coverage","Mean sequencing coverage depth across targeted regions","COLLAPSED_FRAGMENT_MEAN_COVERAGE;COLLAPSED_MEAN_COVERAGE;COVERAGE;COVERAGE_CONTROL;COVERAGE_MEAN;COVERAGE_NORMAL;COVERAGE_TUMOR;MEAN_COVERAGE;MEAN_TARGET_COVERAGE_NORMAL;MEAN_TARGET_COVERAGE_TUMOR;MEDIAN_COVERAGE;NORMAL_GENOME_COVERAGE;SAMPLE_COVERAGE;TUMOR_GENOME_COVERAGE;UNCOLLAPSED_MEAN_COVERAGE",15,NA
"sample_id","Unique sample or specimen identifier for biological material","CGH_SAMPLE_ID;EXOME_SAMPLE_ID;EXP_SAMPLE_ID;ICGC_SAMPLE_ID;OTHER_SAMPLE_ID;sampleId",6,NA
"sample_related","SAMPLE-related clinical, molecular, or pathological attributes","SAMPLE_ANNOTATION;SAMPLE_CLASS;SAMPLE_CODE;SAMPLE_COLLECTION_METHOD;SAMPLE_COLLECTION_SOURCE;SAMPLE_COLLECTION_TIMEPOINT;SAMPLE_CPS_SCORE;SAMPLE_DETAILED_SUBHISTOLOGIES;SAMPLE_DISPLAY_NAME;SAMPLE_NAME;SAMPLE_ORIGIN;SAMPLE_SITE;SAMPLE_SITE_SOURCE;SAMPLE_STATUS;SAMPLE_TESTED_CATEGORY;SAMPLE_TIMEPOINT;SAMPLE_TYPE_DETAIL;SAMPLE_TYPE_ID",18,NA
"sample_site","Anatomical site or organ where sample was collected","CLASSIFICATION_OF_PRIMARY_SITE;DETAILED_METASTATIC_SITE;DETAILED_PRIMARY_SITE;DMT_PRIMARY_SITE;DMT_PRIMARY_SITE_CLASSIFIED;MEDR_PRIMARY_SITE;METASTATIC_SITE;METASTATIC_SITE_OTHER;METASTATIC_SITE_PATIENT;PRIMARY_SITE;PRIMARY_SITE_NOTES;PRIMARY_SITE_OTHER;PRIMARY_SITE_PATIENT;PRIMARY_SITE_PROGRESSION;SIMPLIFIED_METASTATIC_SITE;SIMPLIFIED_TUMOR_SITE;SITE_OF_TUMOR_TISSUE;TUMOR_SITE;TUMOR_TISSUE_SITE;TUMOR_TISSUE_SITE_OTHER;TUMOR_TISSUE_SITE_PATIENT",21,NA
"sample_type","Sample type: primary tumor, metastasis, normal tissue, or recurrence","MIRNASEQ_SAMPLE_TYPE;RNASEQ_R1_SAMPLE_TYPE;RNASEQ_R2_SAMPLE_TYPE;SAMPLE_TYPE;SPECIMEN_TYPE;TISSUE_TYPE;WGS_NORMAL_SAMPLE_TYPE;WGS_TUMOR_SAMPLE_TYPE;WXS_NORMAL_SAMPLE_TYPE;WXS_TUMOR_SAMPLE_TYPE",10,NA
"sarcomatoid_related","SARCOMATOID-related clinical, molecular, or pathological attributes","SARCOMATOID_COMPONENT;SARCOMATOID_FEATURES;SARCOMATOID_PERCENT_OF_TUMOR",3,NA
"scna_related","SCNA-related clinical, molecular, or pathological attributes","SCNA_ANALYSIS;SCNA_CLUSTER;SCNA_CLUSTER_EC;SCNA_CLUSTER_GEA;SCNA_CLUSTER_GEA_CIN;SCNA_CLUSTER_SCC",6,NA
"second_related","SECOND-related clinical, molecular, or pathological attributes","SECOND_LINE_TC_OR_SURGERY;SECOND_PRIMARY_CANCER",2,NA
"secondhand_related","SECONDHAND-related clinical, molecular, or pathological attributes","SECONDHAND_SMOKE;SECONDHAND_SMOKE_EXPOSURE",2,NA
"serum_related","SERUM-related clinical, molecular, or pathological attributes","SERUM_ALBUMIN_NORM_RANGE_LOWER;SERUM_ALBUMIN_NORM_RANGE_UPPER;SERUM_ALBUMIN_PRERESECTION;SERUM_ALPHA_FOETO_PROTEIN;SERUM_CALCIUM_LEVEL;SERUM_LACTATE_DEHYDROGENASE;SERUM_MARKERS;SERUM_PSA",8,NA
"sex","Biological sex or gender of patient (male, female, other)","GENDER;NODES_EX;SEX",3,NA
"sigclust_related","SIGCLUST-related clinical, molecular, or pathological attributes","SIGCLUST_INTRINSIC_MRNA;SIGCLUST_UNSUPERVISED_MRNA",2,NA
"silent_related","SILENT-related genetic mutations or molecular alterations","SILENT_MUTATION;SILENT_MUTATION_DENSITY;SILENT_PER_MB;SILENT_RATE",4,NA
"site_related","SITE-related clinical, molecular, or pathological attributes","SITE_OF_FINDING;SITE_OF_PRIMARY_TUMOR_INCLUDING_UNKNOWN;SITE_OF_PRIMARY_TUMOR_KNOWN_PRIMARY_ONLY;SITE_OF_SPECIMEN;SITE_OF_TISSUE_BIOPSY;SITE_SEQUENCED;SITE_SUBTYPE1;SITE_SUBTYPE2;SITE_SUBTYPE3",9,NA
"smoking_history","Smoking status, history, or pack-years of tobacco exposure","DOMINANT_SIGNATURE_FRACTION_WGS_NOTSMOKING;DOMINANT_SIGNATURE_WGS_NOTSMOKING_50PERC;MOLECULAR_SMOKING_SIGNATURE;PASSIVE_SMOKING;SMOKING;SMOKING_HISTORY;SMOKING_PACK_YEARS;SMOKING_SCORE;SMOKING_SCORE_CATEGORY;SMOKING_SCORE_WGS;SMOKING_SIGNATURE_COUNT;SMOKING_SIGNATURE_FRACTION;SMOKING_SIGNATURE_FRACTION_WGS;SMOKING_STATUS;SMOKING_YEAR_STARTED;SMOKING_YEAR_STOPPED;TOBACCO_SMOKING_HISTORY;TOBACCO_SMOKING_HISTORY_INDICATOR;TOBACCO_SMOKING_INTENSITY;TOBACCO_TYPE",20,NA
"smp_related","SMP-related temporal information or time measurements","SMP_CRPC_MONTHS;SMP_OS_MOS",2,NA
"source_related","SOURCE-related clinical, molecular, or pathological attributes","SOURCE_CENTER;SOURCE_LAB;SOURCE_TYPE",3,NA
"specific_related","SPECIFIC-related clinical, molecular, or pathological attributes","SPECIFIC_DIAGNOSIS_AT_ACQUISITION;SPECIFIC_DIAGNOSIS_AT_INCLUSION;SPECIFIC_DX_AT_ACQUISITION_MDSMPN;SPECIFIC_DX_AT_INCLUSION;SPECIFIC_TUMOR_LOCATION",5,NA
"specimen_related","SPECIMEN-related clinical, molecular, or pathological attributes","SPECIMEN_GROUPS;SPECIMEN_SECOND_LONGEST_DIMENSION;SPECIMEN_SITE",3,NA
"splice_related","SPLICE-related clinical, molecular, or pathological attributes","SPLICE_SITE;SPLICE_SITE_INSERTION;SPLICE_SITE_SNP",3,NA
"stage_related","STAGE-related clinical, molecular, or pathological attributes","STAGE_4_DX;STAGE_AT_DRAW;STAGE_AT_HCC_DIAGNOSIS;STAGE_AT_PRESENTATION;STAGE_M;STAGE_N;STAGE_OF_HCC_SYSTEMIC;STAGE_T",8,NA
"staging_related","STAGING-related clinical, molecular, or pathological attributes","STAGING_SYSTEM;STAGING_SYSTEM_OTHER",2,NA
"steroids_related","STEROIDS-related clinical, molecular, or pathological attributes","STEROIDS_GT_10MG_DAILY;STEROIDS_WHEN_STARTED_PD1_INHIBITOR",2,NA
"stk11_related","STK11-related clinical, molecular, or pathological attributes","STK11_DRIVER;STK11_MUTATION;STK11_MUTATION_STATUS;STK11_PROTEIN",4,NA
"stromal_related","STROMAL-related percentage, fraction, or proportion measurement","STROMAL_FRACTION;STROMAL_SCORE",2,NA
"study_id","Study or cohort identifier for grouping related samples","ANALYSIS_COHORT;BIOPSY_COHORT;COHORT;CVR_TMB_COHORT_PERCENTILE;CVR_TMB_TT_COHORT_PERCENTILE;PATIENT_STUDY_ID;STUDY_ID;studyId",8,NA
"sub_related","SUB-related clinical, molecular, or pathological attributes","SUB_CLONES;SUB_SITE",2,NA
"subsequent_related","SUBSEQUENT-related clinical, molecular, or pathological attributes","SUBSEQUENT_CANCERS;SUBSEQUENT_RX",2,NA
"subtype","Cancer molecular, histological, or clinical subtype classification","ANATOMICAL_SUBTYPE;BREAST_CANCER_SUBTYPE;CANCER_IDENTIFICATION_RARE_SUBTYPE;CLAUDIN_SUBTYPE;DISEASE_SUBTYPE;DOMINANT_HISTOLOGICAL_SUBTYPE;EXPRESSION_SUBTYPE;GENOMICS_SUBTYPE;HISTOLOGICAL_SUBTYPE;HISTOLOGIC_SUBTYPE;HISTOLOGY_SUBTYPE;IDH_1P19Q_SUBTYPE;IDH_CODEL_SUBTYPE;IHC_SUBTYPE;LINEAGE_MOLECULAR_SUBTYPE;LINEAGE_SUBTYPE;LINEAGE_SUB_SUBTYPE;METHYLATION_SUBTYPE;MOLECULAR_SUBTYPE;MORPHOLOGY_SUBTYPE;NMF_SUBTYPE;ORIGINAL_SUBTYPE;PAM50_SUBTYPE;POLE_SUBTYPE;PREDOMINANT_HISTOLOGIC_SUBTYPE;PREDOM_HISTO_SUBTYPE;SUBTYPE;TRANSCRIPTOME_SUBTYPE;TUMOR_SUBTYPE",29,NA
"subtype_related","SUBTYPE-related clinical, molecular, or pathological attributes","SUBTYPE_ABBREVIATION;SUBTYPE_CONSENSUS;SUBTYPE_DETAILS;SUBTYPE_GROUP",4,NA
"surface_related","SURFACE-related clinical, molecular, or pathological attributes","SURFACE_ANTIGENS;SURFACE_ANTIGENS_IMMUNOHISTOCHEMICAL_STAINS",2,NA
"surgery_related","SURGERY-related clinical, molecular, or pathological attributes","SURGERY NUMBER;SURGERY_ADVANCED_DISEASE;SURGERY_AT_DX;SURGERY_DATE_RELATIVE_TO_DX_MONTHS;SURGERY_FOR_POSITIVE_MARGINS;SURGERY_FOR_POSITIVE_MARGINS_OTHER;SURGERY_INDICATION;SURGERY_PROCEDURE;SURGERY_TYPE",9,NA
"surgical_related","SURGICAL-related clinical, molecular, or pathological attributes","SURGICAL_APPROACH_AT_DIAGNOSIS;SURGICAL_MARGIN;SURGICAL_PROCEDURE_FIRST",3,NA
"survival_related","SURVIVAL-related temporal information or time measurements","SURVIVAL_AFTER_BIOPSY_MONTHS;SURVIVAL_DATA_FORM;SURVIVAL_STATUS;SURVIVAL_TIME",4,NA
"symp_related","SYMP-related clinical status, score, or measurement","SYMP_CHANGES_MENTAL_STATUS;SYMP_CHANGES_MOTOR_MOVEMENT;SYMP_CHANGES_SENSORY;SYMP_CHANGES_VISUAL",4,NA
"synovial_related","SYNOVIAL-related clinical status, score, or measurement","SYNOVIAL_SS18SSX_FUSION_STATUS;SYNOVIAL_SS18SSX_TESTING_METHOD",2,NA
"targeted_related","TARGETED-related clinical, molecular, or pathological attributes","TARGETED_SEQ;TARGETED_TX",2,NA
"taxane_related","TAXANE-related clinical status, score, or measurement","TAXANE_EXPOSURE_STATUS;TAXANE_TX",2,NA
"tcga_related","TCGA-related clinical, molecular, or pathological attributes","TCGA_PAN_CAN_IMMUNE_CLUSTERING;TCGA_RNA_CLUSTER;TCGA_SPECIMEN_DISTANT;TCGA_SPECIMEN_SITE",4,"TCGA: The Cancer Genome Atlas"
"telomere_related","TELOMERE-related clinical, molecular, or pathological attributes","TELOMERE_LENGTH_ESTIMATE_IN_BLOOD_NORMAL_KB;TELOMERE_LENGTH_ESTIMATE_IN_TUMOR_KB;TELOMERE_MAINTENANCE",3,NA
"tert_related","TERT-related clinical, molecular, or pathological attributes","TERT_ALKYLATING_TX;TERT_ANTHRACYCLINE_TX;TERT_ANTIMETABOLITE_TX;TERT_CARBOLATIN_TX;TERT_CISPLATIN_TX;TERT_CYTOTOXIC_TX;TERT_EXPRESSION_LOG2;TERT_EXPRESSION_STATUS;TERT_IO_TX;TERT_MICROTUBULE_TX;TERT_OTHER_CYTOTOXIC_TX;TERT_OXALIPLATIN_TX;TERT_PLATINUM_TX;TERT_PROMOTER_MUT;TERT_PROMOTER_MUTATION;TERT_PROMOTER_MUTATION_STATUS;TERT_PROMOTER_STATUS;TERT_TARGETED_TX;TERT_TAXANE_TX;TERT_TOPO_II_INH_TX;TERT_TOPO_I_INH_TX",21,"TERT: Telomerase Reverse Transcriptase"
"testis_related","TESTIS-related clinical, molecular, or pathological attributes","TESTIS_TUMOR_MACROEXTENT;TESTIS_TUMOR_MACROEXTENT_OTHER;TESTIS_TUMOR_MICROEXTENT",3,NA
"time_related","TIME-related temporal information or time measurements","TIME_AT_LAST_FOLLOWUP_MONTHS;TIME_FROM_DX_TO_SEQ;TIME_FROM_MET_DX_SEQUENCING;TIME_FROM_NEO_TO_SURGERY;TIME_FROM_SURGERY_TO_BCR_LASTFU;TIME_OF_SAMPLE_COLLECTION_RELATIVE_TO_INCLUSION;TIME_POINT;TIME_TO_BEST_PET_RESPONSE;TIME_TO_BLOOD_DRAW_FROM_TX;TIME_TO_BR;TIME_TO_COMPLETE_RESPONSE;TIME_TO_DEATH_MONTHS;TIME_TO_FIRST_PET_RESPONSE;TIME_TO_LAST_FOLLOWUP;TIME_TO_METASTASIS_MONTHS;TIME_TO_MET_MONTHS;TIME_TO_NED",17,NA
"timing_related","TIMING-related clinical, molecular, or pathological attributes","TIMING_METS;TIMING_OTHER_NOTES",2,NA
"tissue_related","TISSUE-related temporal information or time measurements","TISSUE_REPORT_TIME_YRS;TISSUE_SEQUENCED;TISSUE_SITE;TISSUE_SITE_OF_DERIVATION",4,NA
"tissue_source","Tissue source site, institution, or biobank code","TISSUE_SOURCE;TISSUE_SOURCE_SITE;TISSUE_SOURCE_SITE_CODE",3,NA
"tmb","Tumor mutational burden measured as mutations per megabase","CFDNA_TMB;CVR_TMB_COHORT_PERCENTILE;CVR_TMB_SCORE;CVR_TMB_TT_COHORT_PERCENTILE;IMPACT_TMB_SCORE;MUTATION_BURDEN;NONSYNONYMOUS_MUTATION_BURDEN;TMB;TMB_NONSYNONYMOUS;TOTAL_EXONIC_MUTATION_BURDEN;TUMOR_TMB",11,"TMB: Tumor Mutational Burden"
"tmt_related","TMT-related clinical, molecular, or pathological attributes","TMT_CHANNEL;TMT_PLEX",2,NA
"tmz_related","TMZ-related clinical, molecular, or pathological attributes","TMZ_CYCLES;TMZ_HYPERMUTATED;TMZ_TREATMENT",3,NA
"tnm_m","TNM M stage describing presence of distant metastasis","AJCC_METASTASIS_CLINICAL_CM;AJCC_METASTASIS_PATHOLOGIC_PM;CLINICAL_STAGING_DISTANT_METASTASIS_CM;CLIN_M_STAGE;DAYS_TO_EVENT_DISTANT_METASTASIS;DISTANT_METASTASIS_PATHOLOGIC_SPREAD;DX_BX_M_STAGE;HIGHEST_RECORDED_CLINICAL_TNM_STAGE;INITIAL_TNM_STAGE;M_STAGE;M_STAGE_AT_DIAGNOSIS_COMPLEX;M_STAGE_AT_DIAGNOSIS_SIMPLE;PATHOLOGIC_STAGING_DISTANT_METASTASIS_PM;PATH_M_STAGE;POSTCRT_TNM_STAGE_YPTNM;PRECRT_CLINICAL_MSTAGE;PRIMARY_SURGERY_M_STAGE;RALP_M_STAGE;TNMSTAGE;TNM_STAGE",20,"TNM: Tumor, Node, Metastasis"
"tnm_n","TNM N stage describing regional lymph node involvement","AJCC_NODES_CLINICAL_CN;AJCC_NODES_CLINICAL_CT;AJCC_NODES_PATHOLOGIC_PN;CLIN_N_STAGE;CLIN_N_STAGE_CODE;CLIN_STAGE_DIST_METS-CM;DX_BX_N_STAGE;N_STAGE;N_STAGE_AT_DIAGNOSIS_COMPLEX;N_STAGE_AT_DIAGNOSIS_SIMPLE;N_STAGE_REPORTED;PATHOLOGY_N_STAGE;PATH_N_STAGE;POSTCRT_PATHOLOGIC_NSTAGE_YPN;PRECRT_CLINICAL_NSTAGE;PRIMARY_SURGERY_N_STAGE;RALP_N_STAGE;REGIONAL_NODES_PATHOLOGIC_SPREAD;SPECIMEN_STAGE",19,"TNM: Tumor, Node, Metastasis"
"tnm_t","TNM T stage describing primary tumor size and extent","AJCC_TUMOR_CLINICAL_CT;AJCC_TUMOR_PATHOLOGIC_PT;CLIN_T_STAGE;CUMULATIVE_TREATMENT_STAGES;CUMULATIVE_TREATMENT_STAGE_COUNT;CURRENT_STAGE;DX_BX_T_STAGE;ECOG_AT_STAGE_4_DX;HISTOLOGY_CLASSIFICATION_IN_PRIMARY_TUMOR;HISTOPATOLOGY_PRIMARY_TUMOR;PATHOLOGY_T_STAGE;PATH_T_STAGE;POSTCRT_PATHOLOGIC_TSTAGE_YPT;PRECRT_CLINICAL_T_STAGE;PRIMARY_SURGERY_T_STAGE;RALP_T_STAGE;SURGERY_PRIMARY_TUMOR;T_STAGE;T_STAGE_AT_DIAGNOSIS_COMPLEX;T_STAGE_AT_DIAGNOSIS_SIMPLE;T_STAGE_REPORTED",21,"TNM: Tumor, Node, Metastasis"
"top2a_related","TOP2A-related clinical, molecular, or pathological attributes","TOP2A_GENE_AMPLIFIED;TOP2A_PROTEOGENOMIC_STATUS",2,NA
"topo_related","TOPO-related clinical, molecular, or pathological attributes","TOPO_II_TX;TOPO_I_TX",2,NA
"total_related","TOTAL-related clinical, molecular, or pathological attributes","TOTAL_CNA;TOTAL_DNP_COUNT_WGS;TOTAL_NEOANTIGEN;TOTAL_PER_MB;TOTAL_PROTEIN_LEVEL;TOTAL_REARRANGEMENT;TOTAL_TIME_PERIOD_MONTHS",7,NA
"tp53_related","TP53-related clinical, molecular, or pathological attributes","TP53_ATM;TP53_BIALLELIC_GROUPS;TP53_CHEK2;TP53_CNA;TP53_MDM4;TP53_MUTATION;TP53_MUTATION_STATUS;TP53_PATH;TP53_PATHWAY;TP53_PROTEIN_CODING;TP53_RPS6KA3;TP53_TP53",12,"TP53: Tumor Protein p53"
"treatment_outcome","Clinical outcome or response to treatment intervention","TREATMENT_OUTCOME_AT_TCGA_FOLLOWUP;TREATMENT_OUTCOME_FIRST_COURSE",2,NA
"treatment_related","TREATMENT-related treatment, therapy, or medication information","TREATMENT_ARM;TREATMENT_AT_MSK;TREATMENT_BEST_RESPONSE;TREATMENT_CATEGORY;TREATMENT_CHANGED;TREATMENT_DETAILS;TREATMENT_DETAIL_BEFORE_PDX;TREATMENT_EFFECT;TREATMENT_GROUP;TREATMENT_NAIVE;TREATMENT_ONGOING;TREATMENT_PRIOR_TO_RESECTION;TREATMENT_PRIOR_TO_SURGERY_INDICATOR;TREATMENT_PROSTATECTOMY;TREATMENT_RESPONSE;TREATMENT_SCHEDULE;TREATMENT_STATUS",17,NA
"treatment_response_percentage","Treatment response measured as percentage change","BEST_RESPONSE_PERCENTAGE;RESPONSE_AT_3_WEEKS_PERCENTAGE",2,NA
"treatment_type","Type of cancer treatment received including drugs and therapies","ACQUIRED_AFTER_RADIOTHERAPY;ADC+IMMUNOTHERAPY;ADC_THERAPY;ADJUVANT_CHEMOTHERAPY;ADJUVANT_HORMONE_THERAPY;ADJUVANT_IMMUNOTHERAPY;ADJUVANT_RADIATION_THERAPY;ADJUVANT_THERAPY;ADMINISTRATION_OF_DRUG_WEEKS;AGE_AT_CHEMOTHERAPY_START;AGE_AT_CHEMOTHERAPY_STOP;ALKYLATING_CHEMOTHERAPY;ALTERNATE_THERAPY;ALTERNATE_THERAPY_OTHER;ANDROGEN_DEPRIVATION_THERAPY;ANY_THERAPY_2YRS;BEST_RESPONSE_ADC_AND_IMMUNOTHERAPY;BEST_RESPONSE_CHEMOTHERAPY;BEST_RESPONSE_CHEMOTHERAPY_AND_IMMUNOTHERAPY;BEST_RESPONSE_IMMUNOTHERAPY;BEST_RESPONSE_TARGETED_THERAPY;BEST_RESPONSE_TO_THERAPY;BRACHYTHERAPY_TOTAL_DOSE_POINT_A;BRACHYTHERAPY_TYPE;BRACHYTHERAPY_TYPE_OTHER;CHEMOTHERAPY;CHEMOTHERAPY+IMMUNOTHERAPY;CHEMOTHERAPY_AGENTS;CHEMOTHERAPY_PRIOR_SAMPLE_ACQUIRED;CHEMOTHERAPY_TYPE;CONCURRENT_CHEMOTHERAPY;CUMULATIVE_TREATMENT_TYPES;CUMULATIVE_TREATMENT_TYPE_COUNT;CYCLES_ON_THERAPY;DRUG;DRUG_AND_DOSE_STEROID_DURING_PD1;DRUG_LAST_ADMIN;DRUG_START;DRUG_TESTING_IN_ANALYSIS;DRUG_TYPE;DURATION_OF_THERAPY_DAYS;DURATION_OF_THERAPY_WEEKS;ENDOCRINE_THERAPY;EX_VIVO_DRUG_TESTING;FIRST THERAPY_RESPONSE;FIRST_LINE_THERAPY;FIRST_THERAPY;HISTORY_MENOPAUSAL_HORMONE_THERAPY;HORMONE_THERAPY;IMMUNOTHERAPY;IMMUNOTHERAPY_RESPONSE;IO_DRUG;IO_REGIMEN_MONOTHERAPY_VS_COMBINATION;IO_THERAPY;METASTATIC_RADIATION_THERAPY;MOST_RECENT_TREATMENT_TYPE;NEOADJUVANT_CHEMOTHERAPY;NEOADJUVANT_IMMUNOTHERAPY;NEOADJUVANT_THERAPY;NGS_PRIOR_THERAPY;OTHER_CONCURRENT_THERAPY;PD1_INHIBITOR_DRUG;POST_SAMPLE_CHEMOTHERAPY;POST_SAMPLE_IMMUNOTHERAPY;PRD_CHEMOTHERAPY;PRD_HORMONE_THERAPY;PRD_OTHER_THERAPY;PRE_SAMPLE_CHEMOTHERAPY;PRE_SAMPLE_IMMUNOTHERAPY;PRIMARY_RADIATION_THERAPY;PRIMARY_THERAPY_OUTCOME_SUCCESS;PRIOR_INTRAVESICAL_CHEMOTHERAPY;PRIOR_LINES_OF_THERAPY;PRIOR_THERAPY;PRIOR_TREATMENT_OF_CYTOTOXIC_CHEMOTHERAPY;RADIATION_OR_CHEMOTHERAPY;RADIATION_THERAPY;RADIATION_THERAPY_DOSE_PARAAORTIC_NODES;RADIATION_THERAPY_XRT_TYPE;RADIOTHERAPY;RADIOTHERAPY_FRACTIONS;RADIOTHERAPY_TX;RADIO_THERAPY;RESPONSE_TO_TARGET_THERAPY;SAMPLE_PRE_LUNG_THERAPY;STEROID_PD1_STARTING_DRUG_NAME;SURVIVAL_FROM_FIRST_CHEMOTHERAPY;SURVIVAL_FROM_FIRST_HORMONE_THERAPY;SYSTEMIC_THERAPY;TARGETED_MOLECULAR_THERAPY;TARGETED_THERAPY;TARGET_THERAPY;THERAPY;THERAPY_PRIOR_TO_DERIVATION;TREATMENT_CHEMOTHERAPY;TREATMENT_HORMONE_THERAPY;TREATMENT_TYPE",97,NA
"trg_related","TRG-related clinical, molecular, or pathological attributes","TRG_AJCC;TRG_GROUPS;TRG_SCORE",3,NA
"triple_related","TRIPLE-related clinical, molecular, or pathological attributes","TRIPLE_NEGATIVE;TRIPLE_NEG_STATUS",2,NA
"trisomy_related","TRISOMY-related clinical, molecular, or pathological attributes","TRISOMY_21;TRISOMY_4_10;TRISOMY_8",3,NA
"tumor_grade","Histological grade indicating tumor differentiation and aggressiveness","BX_GRADE;BX_NUCLEAR_GRADE;DX_GRADE;EDMONDSON_GRADE;FNCLCC_GRADE;FUHRMAN_GRADE;GRADE;HISTOLOGICAL_GRADE;IMPLANT_GRADE;INITIAL_GRADE;OVERALL_TUMOR_GRADE;PATIENT_GRADE;PRIMARY_NUCLEAR_GRADE;PRIMARY_TUMOR_GRADE;RESPONSE_GRADE;SX_GRADE;TUMOR_GRADE;UPDATED_GRADE;WHO_GRADE",19,NA
"tumor_purity","Estimated tumor cell fraction or cellularity in sample","ABSOLUTE_EXTRACT_PURITY;ASCN_PURITY;AVE_DNA_PURITY;AVE_RNA_PURITY;CLONET_PURITY;DEMIX_PURITY;ESTIMATE_TUMORPURITY;EST_TUMOR_CELLULARITY;ISOPURE_PURITY;MEDIAN_PURITY;METHOD_PURITY;PERCENTAGE_TUMOR_PURITY;PURITY;PURITY_ABSOLUTE;PURITY_CANCER;PURITY_CONFUGURATION;PURITY_IMMUNE;PURITY_STROMA;TSNET PURITY;TSNET_PURITY;TUMOR_CELLULARITY_DOMINANT_CLONE_VAF;TUMOR_CELLULARITY_PATHOLOGY_REVIEW;TUMOR_PURITY;TUMOR_PURITY_BYESTIMATE_RNASEQ;WGS_BASED_PURITY_ESTIMATION",25,NA
"tumor_related","TUMOR-related clinical, molecular, or pathological attributes","TUMOR_BASAL_DIAMETER;TUMOR_BASAL_DIAMETER_MX;TUMOR_BURDEN_PATHOLOGIC;TUMOR_BURDEN_RADIOLOGIC;TUMOR_CHANGE;TUMOR_CONTENT;TUMOR_DETAILS;TUMOR_DIFFERENTIATION;TUMOR_EXOME_DEPTH;TUMOR_EXTENT;TUMOR_FOCALITY;TUMOR_FRACTION;TUMOR_GENOME_LIBRARY;TUMOR_HEMISPHERE;TUMOR_INFILTRATING_LYMPHOCYTES;TUMOR_INFILTRATING_MACROPHAGES;TUMOR_INVASION_PERCENT;TUMOR_IN_NORMAL_ESTIMATE;TUMOR_LATERALITY;TUMOR_LEVEL;TUMOR_LOCATION;TUMOR_LOCATION_CONDENSED;TUMOR_MATCHED_CTDNA;TUMOR_MEGASITE;TUMOR_MORPHOLOGIC_APPEARANCE_ON_CT;TUMOR_NECROSIS;TUMOR_NUMBER;TUMOR_PLOIDY;TUMOR_PURTITY;TUMOR_REOCCUR_AFTER_TREATMENT;TUMOR_RESECTED_MAX_DIMENSION;TUMOR_RESPONSE;TUMOR_SAMPLES;TUMOR_SAMPLE_HISTOLOGY_CODE;TUMOR_SAMPLE_PROCUREMENT_COUNTRY;TUMOR_SHAPE_PATHOLOGIC_CLINICAL;TUMOR_SITE_CATEGORY;TUMOR_SITE_CURATED;TUMOR_SITE_CURATION_NOTES;TUMOR_SITE_DETAIL;TUMOR_SITE_OTHER;TUMOR_SITE_SAMPLE;TUMOR_SIZE;TUMOR_SIZE_CM;TUMOR_SIZE_GROUPS;TUMOR_SIZE_ON_CT;TUMOR_SUBSITE;TUMOR_SUPERSITE;TUMOR_SURGERY_NUMBER;TUMOR_SUVMAX;TUMOR_T1_CODED;TUMOR_THICKNESS;TUMOR_THICKNESS_MEASUREMENT;TUMOR_TISSUE_ORIGIN;TUMOR_TOTAL_DEPTH;TUMOR_TOTAL_NECROSIS;TUMOR_TREATED;TUMOR_TYPE;TUMOR_VOLUME",59,NA
"tumor_stage","Overall tumor stage using AJCC, clinical, or pathological staging","AJCC_CLINICAL_TUMOR_STAGE;AJCC_PATHOLOGIC_TUMOR_STAGE;BCLC_STAGE;CLINICAL_STAGE;CLIN_M_STAGE;CLIN_N_STAGE;CLIN_T_STAGE;CONVERTED_STAGE;CSTAGE;CURRENT_STAGE;DISEASE_STAGE;DX_BX_M_STAGE;DX_BX_N_STAGE;DX_BX_T_STAGE;DX_PSTAGE;DX_STAGE;FIGO_STAGE;HIGHEST_RECORDED_CLINICAL_TNM_STAGE;IGCCCG_STAGE;INITIAL_FIGO_STAGE;INITIAL_STAGE;INITIAL_TNM_STAGE;INSS_STAGE;IPI_ANNARBOR_STAGE;IPI_STAGE;LIFE_STAGE;M_STAGE;NODAL_STAGE;N_STAGE;PATHOLOGIC_PRIMARY_TUMOR_STAGE;PATHOLOGIC_STAGE;PATHOLOGY_N_STAGE;PATHOLOGY_T_STAGE;PATH_M_STAGE;PATH_N_STAGE;PATH_T_STAGE;PRECRT_CLINICAL_MSTAGE;PRECRT_CLINICAL_NSTAGE;PRECRT_CLINICAL_T_STAGE;PRIMARY_SURGERY_M_STAGE;PRIMARY_SURGERY_N_STAGE;PRIMARY_SURGERY_T_STAGE;PSTAGE;RALP_M_STAGE;RALP_N_STAGE;RALP_T_STAGE;SPECIMEN_STAGE;STAGE;SURGIVAL_STAGE;SX_STAGE;S_STAGE;TNMSTAGE;TNM_STAGE;TUMOR_STAGE;TUMOR_STAGE-PATHOLOGICAL;TUMOR_STAGE_2009;TUMOR_STAGE_COLLECTION;TUMOR_STAGE_PATHOLOGICAL;T_STAGE;UICC_TUMOR_STAGE",60,"AJCC: American Joint Committee on Cancer"
"tumor_status","Current tumor or disease status at time of assessment","DISEASE_STATUS;TUMOR_STATUS",2,NA
"type_related","TYPE-related treatment, therapy, or medication information","TYPE_INDUCTION_TREATMENT;TYPE_INDUCTION_TX;TYPE_OF_SURGERY;TYPE_REFINED",4,NA
"undescended_related","UNDESCENDED-related clinical, molecular, or pathological attributes","UNDESCENDED_TESTIS_CORRECTED;UNDESCENDED_TESTIS_METHOD_LEFT;UNDESCENDED_TESTIS_METHOD_RIGHT",3,NA
"use_related","USE-related clinical, molecular, or pathological attributes","USE_FOR_DFS;USE_FOR_RESPONSE_2YEAR;USE_IN_OUTCOME_ANALYSIS",3,NA
"used_related","USED-related clinical, molecular, or pathological attributes","USED_IN_GENOMIC_ANALYSIS;USED_IN_MANUSCRIPT",2,NA
"var_related","VAR-related clinical, molecular, or pathological attributes","VAR_10Q_NEG;VAR_11Q_NEG;VAR_12P_POS;VAR_12_245;VAR_14Q_NEG;VAR_17Q_POS;VAR_1P_NEG;VAR_1Q_POS;VAR_2P_POS;VAR_3P_NEG;VAR_4P_NEG;VAR_6Q_NEG;VAR_7Q_POS;VAR_9P_NEG",14,NA
"vascular_related","VASCULAR-related clinical, molecular, or pathological attributes","VASCULAR_INVASION;VASCULAR_INVASION_INDICATOR",2,NA
"vhl_related","VHL-related genetic mutations or molecular alterations","VHL_MUTATION_AA;VHL_MUTATION_CODON",2,NA
"weeks_related","WEEKS-related clinical, molecular, or pathological attributes","WEEKS_ON_STUDY;WEEKS_ON_TREATMENT",2,NA
"weight","Patient body weight in kilograms or pounds","SAMPLE_INITIAL_WEIGHT;WEIGHT",2,NA
"weiss_related","WEISS-related clinical status, score, or measurement","WEISS_SCORE_OVERALL;WEISS_VENOUS_INVASION",2,NA
"well_related","WELL-related clinical, molecular, or pathological attributes","WELL_DIFF_LIPOSARC_PRIOR_DX_DAYS_TO;WELL_DIFF_LIPOSARC_PRIOR_DX_INDICATOR;WELL_DIFF_LIPOSARC_RESECTION_DAYS_TO",3,NA
"wgs_related","WGS-related clinical, molecular, or pathological attributes","WGS_SIGNATURE;WGS_STATUS",2,NA
"who_related","WHO-related clinical, molecular, or pathological attributes","WHO_2016;WHO_CLASS;WHO_CLASSIFICATION;WHO_CLASSIFICATION_OF_DX_TUMOR",4,"WHO: World Health Organization"
"whole_related","WHOLE-related clinical, molecular, or pathological attributes","WHOLE_EXOME_SEQUENCED;WHOLE_EXOME_SEQUENCING;WHOLE_GENOME_DOUBLING;WHOLE_GENOME_SEQUENCED;WHOLE_GENOME_SEQUENCING",5,NA
"x2yr_related","X2YR-related clinical, molecular, or pathological attributes","X2YR_AIS;X2YR_ALKYLATING_AGENT;X2YR_ANTHRACYCLINE;X2YR_ANTIHER2;X2YR_CAPECITABINE;X2YR_CDK46;X2YR_FULVESTRANT;X2YR_TAMOXIFEN;X2YR_TAXANE;X2YR_VEGF_INHIBITOR",10,NA
"xcell_related","XCELL-related clinical, molecular, or pathological attributes","XCELL_ADC;XCELL_ADIPOCYTES;XCELL_ASTROCYTES;XCELL_B-CELLS;XCELL_BASOPHILS;XCELL_CD4+ MEMORY T-CELLS;XCELL_CD4+ NAIVE T-CELLS;XCELL_CD4+ T-CELLS;XCELL_CD4+ TCM;XCELL_CD4+ TEM;XCELL_CD8+ NAIVE T-CELLS;XCELL_CD8+ T-CELLS;XCELL_CD8+ TCM;XCELL_CD8+ TEM;XCELL_CDC;XCELL_CHONDROCYTES;XCELL_CLASS-SWITCHED MEMORY B-CELLS;XCELL_CLP;XCELL_CMP;XCELL_DC;XCELL_ENDOTHELIAL CELLS;XCELL_EOSINOPHILS;XCELL_EPITHELIAL CELLS;XCELL_ERYTHROCYTES;XCELL_FIBROBLASTS;XCELL_GMP;XCELL_HEPATOCYTES;XCELL_HSC;XCELL_IDC;XCELL_IMMUNESCORE;XCELL_IMMUNE_SCORE;XCELL_KERATINOCYTES;XCELL_LY ENDOTHELIAL CELLS;XCELL_MACROPHAGES;XCELL_MACROPHAGES M1;XCELL_MACROPHAGES M2;XCELL_MAST CELLS;XCELL_MEGAKARYOCYTES;XCELL_MELANOCYTES;XCELL_MEMORY B-CELLS;XCELL_MEP;XCELL_MESANGIAL CELLS;XCELL_MICROENVIRONMENTSCORE;XCELL_MONOCYTES;XCELL_MPP;XCELL_MSC;XCELL_MV ENDOTHELIAL CELLS;XCELL_MYOCYTES;XCELL_NAIVE B-CELLS;XCELL_NEURONS;XCELL_NEUTROPHILS;XCELL_NK CELLS;XCELL_NKT;XCELL_OSTEOBLAST;XCELL_PDC;XCELL_PERICYTES;XCELL_PLASMA CELLS;XCELL_PLATELETS;XCELL_PREADIPOCYTES;XCELL_PRO B-CELLS;XCELL_SEBOCYTES;XCELL_SKELETAL MUSCLE;XCELL_SMOOTH MUSCLE;XCELL_STROMAL_SCORE;XCELL_STROMASCORE;XCELL_TGD CELLS;XCELL_TH1 CELLS;XCELL_TH2 CELLS;XCELL_TREGS",69,"XCELL: xCell (cell type enrichment tool)"
"year_of_diagnosis","Calendar year of initial cancer diagnosis","INITIAL_DIAGNOSIS_YEAR;INITIAL_PATHOLOGIC_DX_YEAR;YEAR_OF_DIAGNOSIS",3,NA
"year_related","YEAR-related clinical, molecular, or pathological attributes","YEAR_NAT_START_GROUPS;YEAR_OF_BIRTH;YEAR_OF_INITIAL_PATHOLOGIC_DIAGNOSIS;YEAR_OF_SURGERY",4,NA
