field_name,source,in_data_dictionary,is_numeric_field
age_at_death,AGE_AT_DEATH,yes,yes
age_at_death,age_at_death,yes,yes
age_at_diagnosis,AGE_D,yes,yes
age_at_diagnosis,AGE_AT_INITIAL_DIAGNOSIS,yes,yes
age_at_diagnosis,AGE_AT_DX,yes,yes
age_at_diagnosis,INVASIVE_CARCINOMA_DX_AGE,yes,yes
age_at_diagnosis,AGE_AT_INITIAL_PATHOLOGIC_DIAGNOSIS,yes,yes
age_at_diagnosis,PATIENT_AGE_AT_DIAGNOSIS,yes,yes
age_at_diagnosis,AGE_AT_DIAGNOSIS_GROUP,yes,yes
age_at_diagnosis,DIAGNOSIS.AGE,yes,yes
age_at_diagnosis,AGE_AT_DIAGNOSIS,yes,yes
age_at_diagnosis,age_at_diagnosis,yes,yes
age_at_diagnosis,AGE_AT_PD1,yes,yes
age_at_metastasis,AGE_AT_METS,yes,yes
age_at_metastasis,AGE_AT_EVIDENCE_OF_METS,yes,yes
age_at_metastasis,age_at_metastasis,yes,yes
age_at_metastasis,AGE_AT_MET,yes,yes
age_at_procurement,AGE_TESTING_YEARS,yes,yes
age_at_procurement,AGE_AT_SAMPLE_COLLECTION,yes,yes
age_at_procurement,AGE_AT_SEQUENCING,yes,yes
age_at_procurement,AGE_AT_SPECIMEN_ACQUISITION,yes,yes
age_at_procurement,AGE,yes,yes
age_at_procurement,AGE_AT_TCGA_SPECIMEN,yes,yes
age_at_procurement,AGE_AT_PROCUREMENT,yes,yes
age_at_procurement,AGE_AT_SEQ_REPORT,yes,yes
age_at_procurement,AGE_RESECTED,yes,yes
age_at_procurement,AGE_AT_SCC,yes,yes
age_at_procurement,AGE_AT_DERIVATION,yes,yes
age_at_procurement,AGE_AT_SEQ_REPORTED_YEARS,yes,yes
age_at_procurement,AGE_START_IO,yes,yes
age_at_procurement,AGE_GROUP,yes,yes
age_at_procurement,AGE_IN_DAYS,yes,yes
age_at_procurement,AGE_AT_RESECTION,yes,yes
age_at_procurement,AGE_YRS,yes,yes
age_at_procurement,AGE_AT_DOS_BX,yes,yes
age_at_procurement,age_at_procurement,yes,yes
age_at_procurement,AGE_AT_SAMPLING,yes,yes
ancestry_details,ETHNICITY,no,no
ancestry_details,HISPANIC,no,no
ancestry_details,ancestry_details,no,no
ancestry_details,ETHNICITY_SELF_IDENTIFY,no,no
ancestry_details,RACE_CATEGORY,no,no
ancestry_details,PRD_RACE,no,no
ancestry_details,PRD_HISPANIC,no,no
ancestry_details,INFERRED_ETHNICITY,no,no
ancestry_details,RACE_CATEGORIZED,no,no
ancestry_details,ANCESTRY_PRIMARY,no,no
ancestry_details,REPORTED_ETHNICITY,no,no
ancestry_details,RACE,no,no
ancestry,ETHNICITY,yes,no
ancestry,HISPANIC,yes,no
ancestry,ETHNICITY_SELF_IDENTIFY,yes,no
ancestry,RACE_CATEGORY,yes,no
ancestry,PRD_RACE,yes,no
ancestry,PRD_HISPANIC,yes,no
ancestry,INFERRED_ETHNICITY,yes,no
ancestry,RACE_CATEGORIZED,yes,no
ancestry,ANCESTRY_PRIMARY,yes,no
ancestry,REPORTED_ETHNICITY,yes,no
ancestry,RACE,yes,no
ancestry,ancestry,yes,no
body_site,DETAILED_PRIMARY_SITE,yes,no
body_site,DIAGNOSIS_CANCER_LOC_BRAIN,yes,no
body_site,body_site,yes,no
body_site,DIAGNOSIS_CANCER_LOC_LUNG,yes,no
body_site,DIAGNOSIS_CANCER_LOC_OTHER_LN,yes,no
body_site,TUMOR_SITE_SAMPLE,yes,no
body_site,TUMOR_SUBSITE,yes,no
body_site,LOCATION_LUNG_PARENCHYMA,yes,no
body_site,PRIMARY_TUMOR_LOCATION,yes,no
body_site,DISEASE_MULTIFOCAL_INDICATOR,yes,no
body_site,TISSUE_TYPE,yes,no
body_site,MULTIPLE_TUMOR_LOCATIONS,yes,no
body_site,TUMOR_TISSUE_ORIGIN,yes,no
body_site,DIAGNOSIS_CANCER_LOC_BREAST,yes,no
body_site,TUMOR_SITE_DETAIL,yes,no
body_site,TUMOR_TISSUE_SITE,yes,no
body_site,LOCALIZED_VS_METS_AT_DX,yes,no
body_site,SOURCE_TYPE,yes,no
body_site,PRIMARY_SITE,yes,no
body_site,TUMOR_LOCATION,yes,no
body_site,TUMOR_LEVEL,yes,no
body_site,ESOPHAGEAL_TUMOR_LOCATION_INVOLVED,yes,no
body_site,DISEASE_EXTENT,yes,no
body_site,ESOPHAGEAL_TUMOR_LOCATION_CENTERED,yes,no
body_site,DIAGNOSIS_CANCER_BONE,yes,no
body_site,LOCATION,yes,no
body_site,TISSUE_SITE_OF_DERIVATION,yes,no
body_site,DIAGNOSIS_CANCER_LOC_OVARY,yes,no
body_site,DIAGNOSIS_CANCER_LOC_LIVER,yes,no
body_site,TUMOR_LATERALITY,yes,no
body_site,DIAGNOSIS_CANCER_LOC_CHEST_WALL,yes,no
body_site,TUMOR_TISSUE_SITE_PATIENT,yes,no
body_site,METASTATIC_SITE,yes,no
body_site,TUMOR_LOCATION_CONDENSED,yes,no
body_site,TUMOR_SITE,yes,no
body_site,DIAGNOSIS_CANCER_LOC_SKIN,yes,no
body_site,TUMOR_MEGASITE,yes,no
body_site,DIAGNOSIS_CANCER_LOC_AXILLARY_LN,yes,no
body_site,LOCATION_RECURRED,yes,no
body_site,BIOPSY_SITE,yes,no
body_site,DIAGNOSIS_CANCER_LOC_PLEURAL_EFFUSION,yes,no
body_site,TUMOR_SUPERSITE,yes,no
body_site,SPECIFIC_TUMOR_LOCATION,yes,no
body_site,LOCALIZED_TUMOR,yes,no
body_site,TISSUE_SITE,yes,no
body_site,PRIMARY_SITE_PATIENT,yes,no
body_site,ANATOMICAL_SUBTYPE,yes,no
body_site,TUMOR_SITE_CURATED,yes,no
country,TUMOR_SAMPLE_PROCUREMENT_COUNTRY,no,no
country,BIRTH_COUNTRY,no,no
country,COUNTRY,no,no
country,PARTICIPANT_COUNTRY,no,no
country,country,no,no
country,COUNTRY_OF_ORIGIN,no,no
country,COUNTRY_OF_PROCUREMENT,no,no
cancer_status,cancer_status,yes,no
cancer_status,PERSON_NEOPLASM_CANCER_STATUS,yes,no
disease,DIAGNOSIS,yes,no
disease,WHO_CLASS,yes,no
disease,INITIAL_DIAGNOSIS_TYPE,yes,no
disease,MDS_TYPE,yes,no
disease,FATTY_LIVER_DISEASE,yes,no
disease,SPECIFIC_DX_AT_INCLUSION,yes,no
disease,CNS_DISEASE,yes,no
disease,EXTRANODAL_DISEASE,yes,no
disease,NON_AML_MDSMPN_DIAGNOSIS_AT_ACQUISITION,yes,no
disease,DIABETES_DIAGNOSIS_INDICATOR,yes,no
disease,DISEASE_EXTENT,yes,no
disease,disease,yes,no
disease,SPECIFIC_DIAGNOSIS_AT_ACQUISITION,yes,no
disease,RESIDUAL_NODAL_DISEASE,yes,no
disease,HYPERTENSION_DIAGNOSIS,yes,no
disease,DISEASE,yes,no
disease,DIAGNOSIS_AT_INCLUSION,yes,no
disease,DISEASE_ONTOLOGY,yes,no
disease,WHO_CLASSIFICATION,yes,no
disease,MDSMPN_DIAGNOSIS_AT_ACQUISITION,yes,no
disease,DISEASE_CODE,yes,no
disease,SPECIFIC_DIAGNOSIS_AT_INCLUSION,yes,no
cancer_subtype,PATHOLOGY_CLASSIFICATION,yes,no
cancer_subtype,MCRC_TYPE,yes,no
cancer_subtype,PREDOMINANT_HISTOLOGIC_SUBTYPE,yes,no
cancer_subtype,PRIMARY_TUMOR_LOCALIZATION_TYPE,yes,no
cancer_subtype,HISTOLOGY_SUBTYPE,yes,no
cancer_subtype,SUBTYPE_CONSENSUS,yes,no
cancer_subtype,CHRONIC_HEPATITIS_ANY_TYPE,yes,no
cancer_subtype,CANCER_SUBTYPE_CURATED,yes,no
cancer_subtype,MUTATION_PHENOTYPE,yes,no
cancer_subtype,SUBTYPE,yes,no
cancer_subtype,SUBTYPE_GROUP,yes,no
cancer_subtype,HISTOLOGICAL_SUBTYPE,yes,no
cancer_subtype,PAM50_SUBTYPE,yes,no
cancer_subtype,INTEGRATED_PHENOTYPE,yes,no
cancer_subtype,TYPE,yes,no
cancer_subtype,ADENOCARCINOMA_SUBTYPE_WHO2015,yes,no
cancer_subtype,IHC_SUBTYPE,yes,no
cancer_subtype,CYTOLOGICAL_PHENOTYPE,yes,no
cancer_subtype,PRIMARY_MELANOMA_SKIN_TYPE,yes,no
cancer_subtype,cancer_subtype,yes,no
cancer_subtype,INTESTINAL_TYPE_SUBCLASS,yes,no
cancer_subtype,GASTRIC_CLASSIFICATION,yes,no
cancer_subtype,SUBTYPE_ABBREVIATION,yes,no
cancer_subtype,MORPHOLOGY_SUBTYPE,yes,no
cancer_subtype,SUBTYPE_DETAILS,yes,no
cancer_subtype,BREAST_CANCER_SUBTYPE,yes,no
cancer_subtype,HIST_SUBTYPE1,yes,no
cancer_subtype,PRIMARY_TYPE,yes,no
cancer_subtype,TYPE_REFINED,yes,no
cancer_subtype,HIST_SUBTYPE2,yes,no
cancer_subtype,LINEAGE_SUB_SUBTYPE,yes,no
cancer_subtype,DOMINANT_HISTOLOGICAL_SUBTYPE,yes,no
cancer_subtype,LINEAGE_SUBTYPE,yes,no
cancer_subtype,LAUREN_CLASS,yes,no
cancer_subtype,PREDOM_HISTO_SUBTYPE,yes,no
cancer_subtype,CLAUDIN_SUBTYPE,yes,no
specimen_type,SPECIMEN_TYPE,yes,no
specimen_type,SAMPLE_TYPE,yes,no
specimen_type,specimen_type,yes,no
specimen_type,SAMPLE_CLASS,yes,no
sample_type,SPECIMEN_TYPE,no,no
sample_type,SAMPLE_TYPE,no,no
sample_type,sample_type,no,no
sample_type,SAMPLE_CLASS,no,no
cancer_type,CANCER_IDENTIFICATION_ILC,yes,no
cancer_type,PATHOLOGICAL_DIAGNOSIS,yes,no
cancer_type,INCIDENTAL_PROSTATE_CANCER,yes,no
cancer_type,CANCER_TYPE,yes,no
cancer_type,HISTOLOGY_DIAGNOSIS,yes,no
cancer_type,CANCER_IDENTIFICATION_IDC,yes,no
cancer_type,CANCER.TYPE,yes,no
cancer_type,PRIMARY_DIAGNOSIS,yes,no
cancer_type,DX_AT_INCLUSION,yes,no
cancer_type,SPECIFIC_DX_AT_ACQUISITION_MDSMPN,yes,no
cancer_type,CANCER_IDENTIFICATION_MIDLC,yes,no
cancer_type,ORIGINAL_DIAGNOSIS_AT_IMPLANT,yes,no
cancer_type,cancer_type,yes,no
cancer_type_details,CANCER_TYPE_DETAILED,yes,no
cancer_type_details,DETAILED_CANCER_TYPE,yes,no
cancer_type_details,HISTOLOGICAL_TYPE,yes,no
cancer_type_details,GYN_DIAGNOSIS_HISTOLOGY,yes,no
cancer_type_details,DX_ORG_INST,yes,no
cancer_type_details,cancer_type_details,yes,no
cancer_type_details,HISTOLOGICAL_DIAGNOSIS,yes,no
cancer_type_details,INITIAL_DIAGNOSIS_OF_RECURRENT_TUMORS,yes,no
cancer_type_details,SPECIAL_HISTOLOGY,yes,no
location,TUMOR_SAMPLE_PROCUREMENT_COUNTRY,no,no
location,BIRTH_COUNTRY,no,no
location,COUNTRY,no,no
location,PARTICIPANT_COUNTRY,no,no
location,COUNTRY_OF_ORIGIN,no,no
location,location,no,no
location,COUNTRY_OF_PROCUREMENT,no,no
sex,INCIDENTAL_PROSTATE_CANCER,yes,no
sex,DMETS_DX_OVARY,yes,no
sex,GENDER,yes,no
sex,DMETS_DX_MALE_GENITAL,yes,no
sex,FAMILY_HISTORY_TESTICULAR_CANCER,yes,no
sex,PRD_PROSTATECTOMY,yes,no
sex,SEX,yes,no
sex,DMETS_DX_FEMALE_GENITAL,yes,no
sex,ANYTIME_CANCER_LOC_OVARY,yes,no
sex,METS_SITES_AT_METS_DX_OVARY,yes,no
sex,DIAGNOSIS_CANCER_LOC_OVARY,yes,no
sex,METS_SITES_AT_METS_ABST_OVARY,yes,no
sex,CERVIX_SUV_RESULTS,yes,no
sex,TESTICULAR_INVOLVEMENT,yes,no
sex,TESTIS_TUMOR_MACROEXTENT,yes,no
sex,HISTORY_OF_UNDESCENDED_TESTIS,yes,no
sex,sex,yes,no
sex,TESTES_SITE_OF_RELAPSE,yes,no
sex,curated_cancer_type,yes,no
vital_status,DFS_STATUS,no,no
vital_status,CLINICAL_STATUS_AT_COLLECTION_EVENT,no,no
vital_status,OS_STATUS_IO,no,no
vital_status,STATUS,no,no
vital_status,CRDB_SURVIVAL_STATUS,no,no
vital_status,OS_STATUS_DMT,no,no
vital_status,HER2_VITAL_STATUS,no,no
vital_status,SURVIVAL_STATUS,no,no
vital_status,PFS_STATUS_IO,no,no
vital_status,vital_status,no,no
vital_status,DSS_STATUS,no,no
vital_status,LAST_STATUS,no,no
vital_status,OS_FROM_PD1I_STATUS,no,no
vital_status,PFS_STATUS_SORAFENIB_TREATMENT,no,no
vital_status,PLATINUM_OS_STATUS,no,no
vital_status,LFS_STATUS,no,no
vital_status,VITAL_STATUS,no,no
vital_status,OS_STATUS,no,no
vital_status,OS_STATUS_SORAFENIB,no,no
vital_status,RFS_STATUS,no,no
vital_status,OS_NEO_STATUS,no,no
treatment_name,TX_BAL101553,yes,no
treatment_name,TX_BI6727 (VOLASERTIB),yes,no
treatment_name,TX_RUXOLITINIB,yes,no
treatment_name,TREATMENT_PROSTATECTOMY,yes,no
treatment_name,PD1_INHIBITOR_CONCURRENTLY_WITH_TEMODAR,yes,no
treatment_name,SURGICAL_PROCEDURE_FIRST,yes,no
treatment_name,INTERFERON_ALPHA,yes,no
treatment_name,NEOADJUVANT_CHEMO,yes,no
treatment_name,SUBSEQUENT_RX,yes,no
treatment_name,TX_CYCLOPHOSPHAMIDE,yes,no
treatment_name,NUMBER_OF_CYCLES_PLATINUM,yes,no
treatment_name,CARBOPLATIN_TX,yes,no
treatment_name,TX_SVV-001,yes,no
treatment_name,PRD_PROSTATECTOMY,yes,no
treatment_name,TX_KPT-330,yes,no
treatment_name,TX_PF-03084014,yes,no
treatment_name,TX_SGN-CD19A,yes,no
treatment_name,TX_ABRAXANE,yes,no
treatment_name,CHEMO_OTHER,yes,no
treatment_name,TX_APLIDIN,yes,no
treatment_name,AGENT,yes,no
treatment_name,PHARM_TX_MITOTANE_ADJUVANT,yes,no
treatment_name,SYSTEMIC_TREATMENT,yes,no
treatment_name,X2YR_ANTHRACYCLINE,yes,no
treatment_name,SURGERY,yes,no
treatment_name,TX_ABT-263,yes,no
treatment_name,FOLIC_ACID_TX,yes,no
treatment_name,PROCEDURE_TYPE,yes,no
treatment_name,TX_HGS-ETR1,yes,no
treatment_name,TREATMENT_DETAIL_BEFORE_PDX,yes,no
treatment_name,TX_AZD-6244,yes,no
treatment_name,TX_GSK690693,yes,no
treatment_name,TX_PCI-32765,yes,no
treatment_name,TX_LAPATINIB,yes,no
treatment_name,METASTASECTOMY,yes,no
treatment_name,BRACHYTHERAPY_TYPE_OTHER,yes,no
treatment_name,PREVIOUS_TREATMENT,yes,no
treatment_name,CHEMO_REGIMEN_CATEGORY,yes,no
treatment_name,X2YR_ANTIHER2,yes,no
treatment_name,TRANSPLANT_TYPE,yes,no
treatment_name,TX_INK128-1110-028,yes,no
treatment_name,PD1_INHIBITOR_CONCURRENTLY_WITH_BEV,yes,no
treatment_name,TX_EC1456,yes,no
treatment_name,ALPELISIB_DOSE,yes,no
treatment_name,TX_VINCRISTINE,yes,no
treatment_name,TMZ_CYCLES,yes,no
treatment_name,PRIOR_TREATMENT,yes,no
treatment_name,CHEMO_FIRST_LINE,yes,no
treatment_name,TX_LENOLIDAMIDE,yes,no
treatment_name,INITIAL_RX,yes,no
treatment_name,TX_CABOZANTINIB (XL-148),yes,no
treatment_name,SURGERY_FOR_POSITIVE_MARGINS_OTHER,yes,no
treatment_name,TX_LY 2606368,yes,no
treatment_name,TYPE_OF_SURGERY,yes,no
treatment_name,NONINVASIVE_BLADDER_CA_TX_TYPE,yes,no
treatment_name,TX_ACTINOMYCIN D,yes,no
treatment_name,TX_STA9090 (GANETESPIB),yes,no
treatment_name,CISPLATIN_TX,yes,no
treatment_name,SURGERY_PROCEDURE,yes,no
treatment_name,ICI,yes,no
treatment_name,PD1_INHIBITOR_CONCURRENTLY_WITH_DC_VAX,yes,no
treatment_name,DEFINITIVE_SURGICAL_PROCEDURE,yes,no
treatment_name,TX_JNJ26481585,yes,no
treatment_name,NEOADJ_CHEMO,yes,no
treatment_name,BRACHYTHERAPY_TYPE,yes,no
treatment_name,FIFTH_LINE,yes,no
treatment_name,PRIMARY_SURGERY,yes,no
treatment_name,TERT_OXALIPLATIN_TX,yes,no
treatment_name,TERT_TOPO_I_INH_TX,yes,no
treatment_name,TX_GSK923295A,yes,no
treatment_name,ANTHRACYCLINE_TX,yes,no
treatment_name,METASTASECTOMY_SITE,yes,no
treatment_name,SURGERY_TYPE,yes,no
treatment_name,TX_E7438/EPZ6438,yes,no
treatment_name,TX_STF-118804,yes,no
treatment_name,TX_CGC(PG)-11047,yes,no
treatment_name,TOPO_I_TX,yes,no
treatment_name,TX_JNJ26854165,yes,no
treatment_name,NOREPINEPHRINE,yes,no
treatment_name,TX_ABT-199,yes,no
treatment_name,DETAILS_FIRST_LINE_COMMENTS,yes,no
treatment_name,PD1_INHIBITOR,yes,no
treatment_name,2L_TREATMENT,yes,no
treatment_name,RADADJUVANTRX,yes,no
treatment_name,TX_17-DMAG,yes,no
treatment_name,TX_CDX-011 (GLEMBATUMUMAB),yes,no
treatment_name,TX_SAR3419,yes,no
treatment_name,3L_TREATMENT,yes,no
treatment_name,ADJUVANT_CHEMO,yes,no
treatment_name,DRUG,yes,no
treatment_name,CRT_CHEMOAGENT,yes,no
treatment_name,PD1_INHIBITOR_CONCURRENTLY_WITH_BCNU/CCNU,yes,no
treatment_name,DOSE_OF_PEMBROLIZUMAB_PER_INJECTION (MG/KG),yes,no
treatment_name,FIRSTLINE_CHEMO_GROUP,yes,no
treatment_name,TX_CYTARABINE,yes,no
treatment_name,FIRST_LINE_MET_TX,yes,no
treatment_name,IO_THERAPY,yes,no
treatment_name,CHEMO_CONCURRENT_TYPE,yes,no
treatment_name,TREATMENT_TYPE,yes,no
treatment_name,PD1_INHIBITOR_WITH_IMATINIB,yes,no
treatment_name,TX_IMC-A12,yes,no
treatment_name,TX_XL147,yes,no
treatment_name,CURRENT_REGIMEN,yes,no
treatment_name,DRUG_AND_DOSE_STEROID_DURING_PD1,yes,no
treatment_name,EPINEPHRINE,yes,no
treatment_name,RADIATION_OTHER,yes,no
treatment_name,TOPO_II_TX,yes,no
treatment_name,TX_PIXANTRONE,yes,no
treatment_name,FIRST_LINE_TREATMENT,yes,no
treatment_name,PRIOR_INTRAVESICAL_CHEMOTHERAPY,yes,no
treatment_name,treatment_name,yes,no
treatment_name,ANY_LINE_IODINE,yes,no
treatment_name,SURGERY_AT_DX,yes,no
treatment_name,X2YR_FULVESTRANT,yes,no
treatment_name,TX_NSC750854,yes,no
treatment_name,NUMBER_OF_CYCLES_FLUORO-PYRIMIDINE,yes,no
treatment_name,OXALIPLATIN_TX,yes,no
treatment_name,NUM_LINES_IODINE,yes,no
treatment_name,TX_MLN4924,yes,no
treatment_name,PLATINUM_TX,yes,no
treatment_name,TX_TB-403,yes,no
treatment_name,TX_MM-141,yes,no
treatment_name,TX_TAK-701,yes,no
treatment_name,THIRD_LINE,yes,no
treatment_name,ALTERNATE_THERAPY_OTHER,yes,no
treatment_name,TREATMENT_DETAILS,yes,no
treatment_name,NUMBER_OF_CYCLES_PEMBROLIZUMAB,yes,no
treatment_name,TX_PR-104,yes,no
treatment_name,ADJUVANT_HORMONE_THERAPY,yes,no
treatment_name,TERT_CISPLATIN_TX,yes,no
treatment_name,PD1_INHIBITOR_WITH_CELECOXIB,yes,no
treatment_name,TX_RAPAMYCIN,yes,no
treatment_name,TX_SU11248,yes,no
treatment_name,CHEMO_CONCURRENT_TYPE_OTHER,yes,no
treatment_name,TX_BMN-673,yes,no
treatment_name,TX_MK-8242,yes,no
treatment_name,CHEMO_DETAILS,yes,no
treatment_name,RADIATION_TREATMENT_ADJUVANT,yes,no
treatment_name,DX_TYPE,yes,no
treatment_name,IMMUNE_TREATMENT,yes,no
treatment_name,TX_SAHA,yes,no
treatment_name,ADJUVANT_CHEMO_REGIMEN,yes,no
treatment_name,ANDROGEN_DEPRIVATION_THERAPY,yes,no
treatment_name,TX_TOPOTECAN,yes,no
treatment_name,TX_SORAFENIB,yes,no
treatment_name,BREAST_SURGERY,yes,no
treatment_name,CHEMOTHERAPY_PRIOR_SAMPLE_ACQUIRED,yes,no
treatment_name,TX_AZD1480,yes,no
treatment_name,FIRST_LINE_THERAPY,yes,no
treatment_name,TX_VS-4718,yes,no
treatment_name,TX_BMS-354825,yes,no
treatment_name,PHARM_TX_MITOTANE_INDICATOR,yes,no
treatment_name,TX_RO4929097,yes,no
treatment_name,TX_CPX351,yes,no
treatment_name,TX_AZD-2171,yes,no
treatment_name,TX_REG,yes,no
treatment_name,TERT_TOPO_II_INH_TX,yes,no
treatment_name,X2YR_CAPECITABINE,yes,no
treatment_name,NGS_PRIOR_THERAPY,yes,no
treatment_name,OTHER_HYSTERECTOMY_TYPE,yes,no
treatment_name,TX_BORTEZOMIB,yes,no
treatment_name,TX_RG7112,yes,no
treatment_name,TERT_ANTHRACYCLINE_TX,yes,no
treatment_name,PRETREATMENT_HISTORY,yes,no
treatment_name,TX_GS-9820,yes,no
treatment_name,THERAPY_PRIOR_TO_DERIVATION,yes,no
treatment_name,TX_MK-2206,yes,no
treatment_name,HEPATECTOMY,yes,no
treatment_name,TERT_PLATINUM_TX,yes,no
treatment_name,FORMULATION,yes,no
treatment_name,TX_19D12,yes,no
treatment_name,IMMUNOSUPPRESSION,yes,no
treatment_name,HISTORY_IMMUNOSUPPRESIVE_DX,yes,no
treatment_name,X2YR_TAMOXIFEN,yes,no
treatment_name,SURGERY_FOR_POSITIVE_MARGINS,yes,no
treatment_name,TX_SB-715992,yes,no
treatment_name,SORAFENIB_TREATMENT,yes,no
treatment_name,TMZ_TREATMENT,yes,no
treatment_name,TX_ERIBULIN,yes,no
treatment_name,NUMBER_OF_CYCLES_TRASTUZUMAB,yes,no
treatment_name,TX_CISPLATIN,yes,no
treatment_name,TX_SGI-1776,yes,no
treatment_name,PHARM_TX_MITOTANE_FOR_MACRO_DISEASE,yes,no
treatment_name,TX_BMS-754807,yes,no
treatment_name,ALPELISIB_SCHEDULING,yes,no
treatment_name,TX_GENZ-644282,yes,no
treatment_name,HISTORY_IMMUNOSUPPRESSIVE_TX_OTHER,yes,no
treatment_name,INDUCTION,yes,no
treatment_name,TREATMENT_PRIOR_TO_SURGERY_INDICATOR,yes,no
treatment_name,TIMING_OTHER_NOTES,yes,no
treatment_name,FOURTH_LINE,yes,no
treatment_name,TX_CX-5461 (POL1),yes,no
treatment_name,FIRST_SURGICAL_PROCEDURE_OTHER,yes,no
treatment_name,STEROIDS_GT_10MG_DAILY,yes,no
treatment_name,DOPAMINE,yes,no
treatment_name,CHEMOTHERAPY,yes,no
treatment_name,HYSTERECTOMY_TYPE,yes,no
treatment_name,TX_MLN8237,yes,no
treatment_name,TX_TL32711,yes,no
treatment_name,TREATMENT,yes,no
treatment_name,TX_SCH 727965,yes,no
treatment_name,CUMULATIVE_TREATMENT_REGIMENS,yes,no
treatment_name,X2YR_CDK46,yes,no
treatment_name,ENDOCRINE_THERAPY,yes,no
treatment_name,THERAPY,yes,no
treatment_name,PROTOCOL_AND_TREATMENT_ARM,yes,no
treatment_name,CHEMOTHERAPY_AGENTS,yes,no
treatment_name,PD1_INHIBITOR_CONCURRENTLY_WITH_NOVO-TTF,yes,no
treatment_name,TERT_CARBOLATIN_TX,yes,no
treatment_name,TX_TRISENOX(ATO),yes,no
treatment_name,SECOND_LINE_TC_OR_SURGERY,yes,no
treatment_name,NEOADJ_CHEMOAGENT,yes,no
treatment_name,X2YR_AIS,yes,no
treatment_name,TX_CBL0137,yes,no
treatment_name,IO_DRUG,yes,no
treatment_name,TX_AZD8055,yes,no
treatment_name,PD1_INHIBITOR_DRUG,yes,no
treatment_name,MEDICATION,yes,no
treatment_name,TX_FENRETINIDE,yes,no
treatment_type,IPCHEMO_FIRST_CRS,yes,no
treatment_type,POST_SAMPLE_CHEMOTHERAPY,yes,no
treatment_type,RECEIVED_TARGETED_TX,yes,no
treatment_type,STEROIDS_WHEN_STARTED_PD1_INHIBITOR,yes,no
treatment_type,HISTORY_IONIZING_RT_TO_HEAD,yes,no
treatment_type,TREATMENT_PROSTATECTOMY,yes,no
treatment_type,MOST_RECENT_TREATMENT_TYPE,yes,no
treatment_type,HISTORY_NEOADJUVANT_MEDICATION,yes,no
treatment_type,FIRST_THERAPY,yes,no
treatment_type,STEROIDS,yes,no
treatment_type,SURGICAL_PROCEDURE_FIRST,yes,no
treatment_type,SUBSEQUENT_RX,yes,no
treatment_type,NEOADJUVANT_CHEMO,yes,no
treatment_type,THERAPIES,yes,no
treatment_type,PRE_SAMPLE_XRT,yes,no
treatment_type,PRD_PROSTATECTOMY,yes,no
treatment_type,OTHER_CYTOTOXIC_TX,yes,no
treatment_type,PRIOR_TREATMENT_OF_CYTOTOXIC_CHEMOTHERAPY,yes,no
treatment_type,PRD_OTHER_THERAPY,yes,no
treatment_type,SALICYLATES,yes,no
treatment_type,CHEMO_CONCURRENT_REASON_NOT_GIVEN,yes,no
treatment_type,POST_SAMPLE_TARGETED,yes,no
treatment_type,PRD_SURGERY,yes,no
treatment_type,KINASE_INHIBITOR,yes,no
treatment_type,CHEMO_OTHER,yes,no
treatment_type,DOSE_MG_DAY_STEROID_PD1_START,yes,no
treatment_type,X2YR_VEGF_INHIBITOR,yes,no
treatment_type,CHEMOTHERAPY_TYPE,yes,no
treatment_type,PHARM_TX_MITOTANE_ADJUVANT,yes,no
treatment_type,CHEMO_CONCURRENT_FRACTIONS_TOTAL,yes,no
treatment_type,NUM_LINES_CHEMO,yes,no
treatment_type,PRD_HORMONE_THERAPY,yes,no
treatment_type,SYSTEMIC_TREATMENT,yes,no
treatment_type,SURGERY,yes,no
treatment_type,NUM_LINES_HORMONE,yes,no
treatment_type,TX_BET_PRI_MET_SAMPLE_COLLECTION,yes,no
treatment_type,PROCEDURE_TYPE,yes,no
treatment_type,NEOADJUVANT_TREATMENT_DETAILS,yes,no
treatment_type,NUM_LINES_IMMUNO,yes,no
treatment_type,SURGERY_INDICATION,yes,no
treatment_type,NUM_LINES_NTRK,yes,no
treatment_type,TREATMENT_CATEGORY,yes,no
treatment_type,POSTOPERATIVE_TX,yes,no
treatment_type,HISTORY_MENOPAUSAL_HORMONE_THERAPY,yes,no
treatment_type,BRACHYTHERAPY_TYPE_OTHER,yes,no
treatment_type,PREVIOUS_TREATMENT,yes,no
treatment_type,DOSE_OF_RE-IRRADIATION,yes,no
treatment_type,CHEMO_REGIMEN_CATEGORY,yes,no
treatment_type,ANY_LINE_NTRK,yes,no
treatment_type,METASTASECTOMY,yes,no
treatment_type,TRANSPLANT_TYPE,yes,no
treatment_type,PRIOR_MAPK_TX,yes,no
treatment_type,ADC+IMMUNOTHERAPY,yes,no
treatment_type,PRIORRADIATIONFOROTHERCANCER,yes,no
treatment_type,NUM_LINES_TARGETED,yes,no
treatment_type,ADJUVANT_CT,yes,no
treatment_type,PRIOR_TREATMENT,yes,no
treatment_type,ADC_THERAPY,yes,no
treatment_type,RT_TX_REASON_NOT_COMPLETED_OTHER,yes,no
treatment_type,BRACHYTHERAPY_TOTAL_DOSE_POINT_A,yes,no
treatment_type,CHEMO_FIRST_LINE,yes,no
treatment_type,IO_REGIMEN_MONOTHERAPY_VS_COMBINATION,yes,no
treatment_type,CYTOTOXIC_TREATMENT,yes,no
treatment_type,SURGERY_FOR_POSITIVE_MARGINS_OTHER,yes,no
treatment_type,TYPE_OF_SURGERY,yes,no
treatment_type,SURGERY_PROCEDURE,yes,no
treatment_type,RADIATION_THERAPY_XRT_TYPE,yes,no
treatment_type,DEFINITIVE_SURGICAL_PROCEDURE,yes,no
treatment_type,NEOADJ_CHEMO,yes,no
treatment_type,PRD_RADIATION,yes,no
treatment_type,BRACHYTHERAPY_TYPE,yes,no
treatment_type,CYTOTOXIC_TX,yes,no
treatment_type,PRE_SAMPLE_TARGETED,yes,no
treatment_type,PRIMARY_SURGERY,yes,no
treatment_type,TREATED_WITH_ICI,yes,no
treatment_type,X2YR_ALKYLATING_AGENT,yes,no
treatment_type,AGE_AT_CHEMOTHERAPY_START,yes,no
treatment_type,CUMULATIVE_CHEMO,yes,no
treatment_type,ANY_LINE_TARGETED,yes,no
treatment_type,CHEMO_OTHER_CYCLES,yes,no
treatment_type,METASTASECTOMY_SITE,yes,no
treatment_type,POST_MAPK_TX,yes,no
treatment_type,SURGERY_TYPE,yes,no
treatment_type,TERT_MICROTUBULE_TX,yes,no
treatment_type,DRUG_TYPE,yes,no
treatment_type,NEOADJ_CHEMOCYCLES,yes,no
treatment_type,X2YR_TAXANE,yes,no
treatment_type,RADIATION_TYPE_OTHER,yes,no
treatment_type,PRIMARY_RADIATION_THERAPY,yes,no
treatment_type,CHEMO_CONCURRENT_REASON_NOT_OTHER,yes,no
treatment_type,PD1_INHIBITOR,yes,no
treatment_type,NUCLEOSIDE_TX,yes,no
treatment_type,RADADJUVANTRX,yes,no
treatment_type,IMMUNOTHERAPY,yes,no
treatment_type,XRT_TX,yes,no
treatment_type,ALTERNATE_THERAPY,yes,no
treatment_type,ADJUVANT_CHEMO,yes,no
treatment_type,STREOIDS_DURING_PD1_INHIBITOR,yes,no
treatment_type,YEAR_OF_SURGERY,yes,no
treatment_type,MICROTUBULE_TX,yes,no
treatment_type,CRT_CHEMOAGENT,yes,no
treatment_type,FIRSTLINE_CHEMO_GROUP,yes,no
treatment_type,PRIOR_MALIGNANCY_RADIATION_TX,yes,no
treatment_type,RADIOTHERAPY_FRACTIONS,yes,no
treatment_type,TARGET_THERAPY,yes,no
treatment_type,ANY_LINE_IMMUNO,yes,no
treatment_type,SYSTEMIC_THERAPY,yes,no
treatment_type,CHEMO_CYCLES,yes,no
treatment_type,TYPE_INDUCTION_TX,yes,no
treatment_type,AGE_AT_CHEMOTHERAPY_STOP,yes,no
treatment_type,IO_THERAPY,yes,no
treatment_type,TREATMENT_TYPE,yes,no
treatment_type,CHEMO_CONCURRENT_TYPE,yes,no
treatment_type,ABLATION_EMBOLIZATION_TX_ADJUVANT,yes,no
treatment_type,CONCURRENT_CHEMOTHERAPY,yes,no
treatment_type,ANY_LINE_CHEMO,yes,no
treatment_type,RADIATION_THERAPY,yes,no
treatment_type,INTRAVESICAL_TREATMENT,yes,no
treatment_type,ADJUVANT_RADIATION_THERAPY,yes,no
treatment_type,TKI_TREATMENT,yes,no
treatment_type,TERT_IO_TX,yes,no
treatment_type,TERT_OTHER_CYTOTOXIC_TX,yes,no
treatment_type,NEOADJUVANT_XRT,yes,no
treatment_type,PD1_INHIBITOR_CONCURRENTLY_WITH_RE-IRRADIATION,yes,no
treatment_type,SURGERY_DATE_RELATIVE_TO_DX_MONTHS,yes,no
treatment_type,DRUG_AND_DOSE_STEROID_DURING_PD1,yes,no
treatment_type,RADIATION_OTHER,yes,no
treatment_type,TERT_TAXANE_TX,yes,no
treatment_type,SURGICAL_APPROACH_AT_DIAGNOSIS,yes,no
treatment_type,ADJ_XRT,yes,no
treatment_type,PRIOR_ADJUVANT_CHEMO,yes,no
treatment_type,treatment_type,yes,no
treatment_type,TREATMENT_RADIATION,yes,no
treatment_type,PRIOR_INTRAVESICAL_CHEMOTHERAPY,yes,no
treatment_type,RT_TX_TOTAL_DOSE_TO_PELVIS,yes,no
treatment_type,METASTATIC_RADIATION_THERAPY,yes,no
treatment_type,ADJUVANT_IMMUNOTHERAPY,yes,no
treatment_type,HAD_SURGERY,yes,no
treatment_type,HISTORY_REFLUX_DISEASE_TREATMENT,yes,no
treatment_type,SURGERY_AT_DX,yes,no
treatment_type,TREATMENT_PRIOR_TO_RESECTION,yes,no
treatment_type,SYSTEMIC_CHEMO,yes,no
treatment_type,RT_TX_REASON_NOT_COMPLETED,yes,no
treatment_type,IFN_TX_90_DAYS_PRIOR_TO_RESECTION,yes,no
treatment_type,RADIO_THERAPY,yes,no
treatment_type,R_CHOP_LIKE_CHEMO,yes,no
treatment_type,CHEMOTHERAPY+IMMUNOTHERAPY,yes,no
treatment_type,THIRD_LINE,yes,no
treatment_type,ALTERNATE_THERAPY_OTHER,yes,no
treatment_type,TREATMENT_HORMONE_THERAPY,yes,no
treatment_type,TARGETED_THERAPY,yes,no
treatment_type,ADJUVANT_HORMONE_THERAPY,yes,no
treatment_type,ADJUVANT_TX,yes,no
treatment_type,AGE_AT_RADIATION_START,yes,no
treatment_type,CHEMO_CONCURRENT_TYPE_OTHER,yes,no
treatment_type,ALKYLATING_AGENT,yes,no
treatment_type,IO_TX,yes,no
treatment_type,RADIOTHERAPY,yes,no
treatment_type,ORAL_CONTRACEPTION,yes,no
treatment_type,TERT_ALKYLATING_TX,yes,no
treatment_type,CHEMO_DETAILS,yes,no
treatment_type,RADIATION_TREATMENT_ADJUVANT,yes,no
treatment_type,DX_TYPE,yes,no
treatment_type,IMMUNE_TREATMENT,yes,no
treatment_type,POAR_COMBINED_CTLA_PD1,yes,no
treatment_type,PRD_OTHER_CANCER_RADIATION,yes,no
treatment_type,RADIATION_DOSE_PELVIC_NODES_PRIMARY_TUMOR.,yes,no
treatment_type,CHEMO_TX,yes,no
treatment_type,CHEMO_CONCURRENT_DOSE,yes,no
treatment_type,RADIATION_OR_CHEMOTHERAPY,yes,no
treatment_type,ANDROGEN_DEPRIVATION_THERAPY,yes,no
treatment_type,TREATMENT_PALLIATIVE_RADIATION,yes,no
treatment_type,ADJUVANT_CHEMO_REGIMEN,yes,no
treatment_type,ADJUVANT_TARGETED,yes,no
treatment_type,CUMULATIVE_TREATMENT_TYPES,yes,no
treatment_type,BREAST_SURGERY,yes,no
treatment_type,CHEMOTHERAPY_PRIOR_SAMPLE_ACQUIRED,yes,no
treatment_type,TARGETED_TX,yes,no
treatment_type,ALKYLATING_TX,yes,no
treatment_type,PRE_SAMPLE_CHEMOTHERAPY,yes,no
treatment_type,PHARM_TX_MITOTANE_INDICATOR,yes,no
treatment_type,PREVIOUS_MAPKI,yes,no
treatment_type,RADIATION_THERAPY_DOSE_PARAAORTIC_NODES,yes,no
treatment_type,GYN_DIAGNOSIS_CHEMO_INTENT_DESCRIPTION,yes,no
treatment_type,HISTORY_NEOADJUVANT_STEROID_TX,yes,no
treatment_type,SURGERY NUMBER,yes,no
treatment_type,DOSE_MG_DAY_STEROID_DURING_PD1,yes,no
treatment_type,PRD_CHEMOTHERAPY,yes,no
treatment_type,SALVAGE_CHEMO,yes,no
treatment_type,MARGINS_INVOLVED_HYSTERECTOMY,yes,no
treatment_type,OTHER_HYSTERECTOMY_TYPE,yes,no
treatment_type,RECEIVED_IO_AFTER_1ST_LINE,yes,no
treatment_type,PROCEDURE,yes,no
treatment_type,AGE_AT_RADIATION_STOP,yes,no
treatment_type,HISTORY_HORMONAL_CONTRACEPTIVES_USE,yes,no
treatment_type,TUMOR_SURGERY_NUMBER,yes,no
treatment_type,NEOADJUVANT_TARGETED,yes,no
treatment_type,PRIOR_TX_TO_IMPACT_SAMPLE,yes,no
treatment_type,HEPATECTOMY,yes,no
treatment_type,POST_SAMPLE_XRT,yes,no
treatment_type,TAXANE_TX,yes,no
treatment_type,PHARMACEUTICAL_TX_ADJUVANT,yes,no
treatment_type,ADJUVANT_CHEMOTHERAPY,yes,no
treatment_type,TERT_CYTOTOXIC_TX,yes,no
treatment_type,HISTORY_NEOADJUVANT_TRTYN,yes,no
treatment_type,TERT_TARGETED_TX,yes,no
treatment_type,IMMUNOSUPPRESSION,yes,no
treatment_type,HISTORY_IMMUNOSUPPRESIVE_DX,yes,no
treatment_type,ADJUVANT_XRT,yes,no
treatment_type,POST_SAMPLE_IMMUNOTHERAPY,yes,no
treatment_type,NEOADJUVANT_IMMUNOTHERAPY,yes,no
treatment_type,SURGERY_FOR_POSITIVE_MARGINS,yes,no
treatment_type,PRIOR_SYSTEMIC_THERAPIES,yes,no
treatment_type,RADIATION_DOSE,yes,no
treatment_type,RADIATION_TYPE,yes,no
treatment_type,ANTIMETABOLITE_TX,yes,no
treatment_type,UV_RATE,yes,no
treatment_type,PHARM_TX_MITOTANE_FOR_MACRO_DISEASE,yes,no
treatment_type,NEOADJUVANT_CHEMOTHERAPY,yes,no
treatment_type,TYPE_INDUCTION_TREATMENT,yes,no
treatment_type,HISTORY_IMMUNOSUPPRESSIVE_TX_OTHER,yes,no
treatment_type,TREATMENT_PRIOR_TO_SURGERY_INDICATOR,yes,no
treatment_type,CHEMO_CONCURRENT_COURSE,yes,no
treatment_type,FOURTH_LINE,yes,no
treatment_type,INITIAL_TREATMENT,yes,no
treatment_type,HISTORY_NEOADJUVANT_TX_TYPE,yes,no
treatment_type,IO_LINE,yes,no
treatment_type,RADIATION,yes,no
treatment_type,FIRST_SURGICAL_PROCEDURE_OTHER,yes,no
treatment_type,STEROIDS_GT_10MG_DAILY,yes,no
treatment_type,PD1_INHIBITOR_STARTED_FOR_PD,yes,no
treatment_type,TARGETED_MOLECULAR_THERAPY,yes,no
treatment_type,ANY_LINE_HORMONE,yes,no
treatment_type,CHEMOTHERAPY,yes,no
treatment_type,HYSTERECTOMY_TYPE,yes,no
treatment_type,TREATMENT,yes,no
treatment_type,ALKYLATING_CHEMOTHERAPY,yes,no
treatment_type,RADIOTHERAPY_TX,yes,no
treatment_type,PRE_SAMPLE_IMMUNOTHERAPY,yes,no
treatment_type,COMPLETED_TOTAL_RADIATION_DOSE,yes,no
treatment_type,SURGERY_ADVANCED_DISEASE,yes,no
treatment_type,ENDOCRINE_THERAPY,yes,no
treatment_type,THERAPY,yes,no
treatment_type,CHEMOTHERAPY_AGENTS,yes,no
treatment_type,SECOND_LINE_TC_OR_SURGERY,yes,no
treatment_type,NUMBER_OF_PD1_INHIBITOR_INJECTIONS,yes,no
treatment_type,RADIATION_SITE,yes,no
treatment_type,NEOADJ_CHEMOAGENT,yes,no
treatment_type,TREATMENT_CHEMOTHERAPY,yes,no
treatment_type,IO_DRUG,yes,no
treatment_type,HORMONE_THERAPY,yes,no
treatment_type,PRD_RADIATION_SURGERY,yes,no
treatment_type,PD1_INHIBITOR_DRUG,yes,no
treatment_type,PATIENT_TO_UNDERGO_SURGERY,yes,no
treatment_type,TERT_ANTIMETABOLITE_TX,yes,no
treatment_dose,BRACHYTHERAPY_TOTAL_DOSE_POINT_A,yes,yes
treatment_dose,COMPLETED_RADIATION_DOSE,yes,yes
treatment_dose,INITIAL_RX,yes,yes
treatment_dose,RT_TX_TOTAL_DOSE_TO_PELVIS,yes,yes
treatment_dose,FORMULATION,yes,yes
treatment_dose,SUBSEQUENT_RX,yes,yes
treatment_dose,RADIATION_DOSE,yes,yes
treatment_dose,UV_RATE,yes,yes
treatment_dose,THIRD_LINE,yes,yes
treatment_dose,CHEMO_OTHER_CYCLES,yes,yes
treatment_dose,INDUCTION,yes,yes
treatment_dose,DOSE_MG_DAY_STEROID_PD1_START,yes,yes
treatment_dose,AGENT,yes,yes
treatment_dose,CHEMO_CONCURRENT_FRACTIONS_TOTAL,yes,yes
treatment_dose,STEROIDS_GT_10MG_DAILY,yes,yes
treatment_dose,treatment_dose,yes,yes
treatment_dose,RADIATION_DOSE_PELVIC_NODES_PRIMARY_TUMOR.,yes,yes
treatment_dose,CHEMO_CONCURRENT_DOSE,yes,yes
treatment_dose,CUMULATIVE_TREATMENT_REGIMENS,yes,yes
treatment_dose,DOSE_OF_PEMBROLIZUMAB_PER_INJECTION (MG/KG),yes,yes
treatment_dose,COMPLETED_TOTAL_RADIATION_DOSE,yes,yes
treatment_dose,DOSE_OF_RE-IRRADIATION,yes,yes
treatment_dose,TREATMENT_GROUP,yes,yes
treatment_dose,RADIATION_THERAPY_DOSE_PARAAORTIC_NODES,yes,yes
treatment_dose,DOSE_MG_DAY_STEROID_DURING_PD1,yes,yes
treatment_dose,ALPELISIB_DOSE,yes,yes
treatment_dose,PRIOR_TREATMENT,yes,yes
treatment_number,treatment_number,yes,yes
treatment_number,INITIAL_RX,yes,yes
treatment_number,CYCLES_COMPLETED,yes,yes
treatment_number,CUMULATIVE_TREATMENT_TYPE_COUNT,yes,yes
treatment_number,SUBSEQUENT_RX,yes,yes
treatment_number,NUMBER_OF_CYCLES_FLUORO-PYRIMIDINE,yes,yes
treatment_number,NEOADJ_CHEMO,yes,yes
treatment_number,NUMBER_OF_CYCLES_PLATINUM,yes,yes
treatment_number,NUM_LINES_IODINE,yes,yes
treatment_number,FIFTH_LINE,yes,yes
treatment_number,NUMBER_OF_CYCLES_TRASTUZUMAB,yes,yes
treatment_number,THIRD_LINE,yes,yes
treatment_number,CHEMO_OTHER_CYCLES,yes,yes
treatment_number,TREATMENT_DETAILS,yes,yes
treatment_number,NUMBER_OF_CYCLES_PEMBROLIZUMAB,yes,yes
treatment_number,NUMBER_OF_LINES_OF_TREATMENT_FOR_MET_DISEASE,yes,yes
treatment_number,NEOADJ_CHEMOCYCLES,yes,yes
treatment_number,CUMULATIVE_TREATMENT_STAGE_COUNT,yes,yes
treatment_number,TMZ_CYCLES,yes,yes
treatment_number,CHEMO_CONCURRENT_FRACTIONS_TOTAL,yes,yes
treatment_number,NUM_LINES_CHEMO,yes,yes
treatment_number,NUM_LINES_HORMONE,yes,yes
treatment_number,ADJUVANT_CYCLES_NUM,yes,yes
treatment_number,CHEMO_CONCURRENT_DOSE,yes,yes
treatment_number,LINES_OF_TX_PRIOR_IMPACT,yes,yes
treatment_number,CUMULATIVE_TREATMENT_REGIMEN_COUNT,yes,yes
treatment_number,NUM_LINES_IMMUNO,yes,yes
treatment_number,LINES_OF_TX,yes,yes
treatment_number,PRIOR_LINES_OF_THERAPY,yes,yes
treatment_number,CYCLES_ON_THERAPY,yes,yes
treatment_number,NUM_LINES_NTRK,yes,yes
treatment_number,TOTAL_CYCLES_NUM_NEOADJUVANT_ADJUVANT,yes,yes
treatment_number,RADIOTHERAPY_FRACTIONS,yes,yes
treatment_number,CHEMO_CYCLES,yes,yes
treatment_number,DOSE_OF_RE-IRRADIATION,yes,yes
treatment_number,PRIOR_LINES,yes,yes
treatment_number,SECOND_LINE_TC_OR_SURGERY,yes,yes
treatment_number,NUMBER_OF_PD1_INHIBITOR_INJECTIONS,yes,yes
treatment_number,SURGERY NUMBER,yes,yes
treatment_number,NUM_LINES_TARGETED,yes,yes
treatment_number,NUM_LINES,yes,yes
treatment_number,PRIOR_TREATMENT,yes,yes
treatment_start,DOSE_OF_RE-IRRADIATION,yes,yes
treatment_start,AGE_AT_CHEMOTHERAPY_START,yes,yes
treatment_start,DRUG_START,yes,yes
treatment_start,AGE_AT_CHEMOTHERAPY_STOP,yes,yes
treatment_start,TX_90DAYS_POST_RESECTION,yes,yes
treatment_start,DRUG_LAST_ADMIN,yes,yes
treatment_start,YEAR_OF_SURGERY,yes,yes
treatment_start,AGE_AT_RADIATION_START,yes,yes
treatment_start,treatment_start,yes,yes
treatment_start,AGE_AT_RADIATION_STOP,yes,yes
treatment_end,DOSE_OF_RE-IRRADIATION,yes,yes
treatment_end,AGE_AT_CHEMOTHERAPY_START,yes,yes
treatment_end,DRUG_START,yes,yes
treatment_end,AGE_AT_CHEMOTHERAPY_STOP,yes,yes
treatment_end,CRDB_TREATMENT_END_DAYS,yes,yes
treatment_end,DRUG_LAST_ADMIN,yes,yes
treatment_end,AGE_AT_RADIATION_START,yes,yes
treatment_end,TIMING_OTHER_NOTES,yes,yes
treatment_end,AGE_AT_RADIATION_STOP,yes,yes
treatment_end,treatment_end,yes,yes
treatment_frequency,STEROIDS_GT_10MG_DAILY,yes,yes
treatment_frequency,TREATMENT_SCHEDULE,yes,yes
treatment_frequency,DOSE_MG_DAY_STEROID_PD1_START,yes,yes
treatment_frequency,treatment_frequency,yes,yes
treatment_frequency,ALPELISIB_SCHEDULING,yes,yes
treatment_frequency,DOSE_MG_DAY_STEROID_DURING_PD1,yes,yes
treatment_frequency,CHEMO_CONCURRENT_COURSE,yes,yes
treatment_frequency,TIMING_OTHER_NOTES,yes,yes
treatment_duration,MONTHS_ON_TREATMENT,yes,yes
treatment_duration,DOT_MONTHS,yes,yes
treatment_duration,DURATION_OF_INDUCTION_TREATMENT,yes,yes
treatment_duration,X2YR_FULVESTRANT,yes,yes
treatment_duration,X2YR_TAMOXIFEN,yes,yes
treatment_duration,X2YR_ALKYLATING_AGENT,yes,yes
treatment_duration,WEEKS_ON_TREATMENT,yes,yes
treatment_duration,CHEMO_OTHER_CYCLES,yes,yes
treatment_duration,MOST_RECENT_TREATMENT_DURATION,yes,yes
treatment_duration,X2YR_TAXANE,yes,yes
treatment_duration,TOTAL_TIME_PERIOD_MONTHS,yes,yes
treatment_duration,X2YR_VEGF_INHIBITOR,yes,yes
treatment_duration,ORAL_CONTRACEPTION,yes,yes
treatment_duration,ADMINISTRATION_OF_DRUG_WEEKS,yes,yes
treatment_duration,X2YR_ANTHRACYCLINE,yes,yes
treatment_duration,DURATION_OF_THERAPY_WEEKS,yes,yes
treatment_duration,X2YR_CDK46,yes,yes
treatment_duration,WEEKS_ON_STUDY,yes,yes
treatment_duration,ANY_THERAPY_2YRS,yes,yes
treatment_duration,X2YR_ANTIHER2,yes,yes
treatment_duration,treatment_duration,yes,yes
treatment_duration,DURATION_OF_THERAPY_DAYS,yes,yes
treatment_duration,X2YR_AIS,yes,yes
treatment_duration,X2YR_CAPECITABINE,yes,yes
treatment_duration,PRIOR_TREATMENT,yes,yes
treatment_duration,SURGERY_DATE_RELATIVE_TO_DX_MONTHS,yes,yes
treatment_status,POST_SAMPLE_CHEMOTHERAPY,yes,no
treatment_status,HISTORY_IONIZING_RT_TO_HEAD,yes,no
treatment_status,PRETREATED,yes,no
treatment_status,CYCLES_COMPLETED,yes,no
treatment_status,MOST_RECENT_TREATMENT_TYPE,yes,no
treatment_status,PRIOR_THERAPY,yes,no
treatment_status,FIRST_THERAPY,yes,no
treatment_status,PD1_INHIBITOR_CONCURRENTLY_WITH_TEMODAR,yes,no
treatment_status,SURGICAL_PROCEDURE_FIRST,yes,no
treatment_status,CRDB_PRIOR_RX,yes,no
treatment_status,PRE_SAMPLE_XRT,yes,no
treatment_status,PRIOR_TREATMENT_OF_CYTOTOXIC_CHEMOTHERAPY,yes,no
treatment_status,treatment_status,yes,no
treatment_status,MOST_RECENT_TREATMENT_DURATION,yes,no
treatment_status,CURRENT_CYCLE,yes,no
treatment_status,NUM_PRIOR_THERAPIES,yes,no
treatment_status,POST_SAMPLE_TARGETED,yes,no
treatment_status,CHEMO_CONCURRENT_FRACTIONS_TOTAL,yes,no
treatment_status,TX_90DAYS_POST_RESECTION,yes,no
treatment_status,PRIOR_LINES_OF_THERAPY,yes,no
treatment_status,ON_TREATMENT,yes,no
treatment_status,POSTOPERATIVE_TX,yes,no
treatment_status,HISTORY_MENOPAUSAL_HORMONE_THERAPY,yes,no
treatment_status,PREVIOUS_TREATMENT,yes,no
treatment_status,DOSE_OF_RE-IRRADIATION,yes,no
treatment_status,PRIOR_LINES,yes,no
treatment_status,PRIOR_MAPK_TX,yes,no
treatment_status,PD1_INHIBITOR_CONCURRENTLY_WITH_BEV,yes,no
treatment_status,PRIORRADIATIONFOROTHERCANCER,yes,no
treatment_status,PRIOR_TREATMENT,yes,no
treatment_status,RT_TX_REASON_NOT_COMPLETED_OTHER,yes,no
treatment_status,CHEMO_FIRST_LINE,yes,no
treatment_status,INITIAL_RX,yes,no
treatment_status,PD1_INHIBITOR_CONCURRENTLY_WITH_DC_VAX,yes,no
treatment_status,PRD_TREATED_AT_ENROLLMENT,yes,no
treatment_status,FIFTH_LINE,yes,no
treatment_status,PRIMARY_SURGERY,yes,no
treatment_status,PRE_SAMPLE_TARGETED,yes,no
treatment_status,ONGOING_TREATMENT,yes,no
treatment_status,POST_MAPK_TX,yes,no
treatment_status,TREATMENT_ONGOING,yes,no
treatment_status,PRIMARY_RADIATION_THERAPY,yes,no
treatment_status,PRE_SAMPLE_TX,yes,no
treatment_status,ALTERNATE_THERAPY,yes,no
treatment_status,STREOIDS_DURING_PD1_INHIBITOR,yes,no
treatment_status,CALC_TREATMENT_NAIVE,yes,no
treatment_status,PD1_INHIBITOR_CONCURRENTLY_WITH_BCNU/CCNU,yes,no
treatment_status,TYPE_INDUCTION_TX,yes,no
treatment_status,CHEMO_CONCURRENT_TYPE,yes,no
treatment_status,PD1_INHIBITOR_WITH_IMATINIB,yes,no
treatment_status,CONCURRENT_CHEMOTHERAPY,yes,no
treatment_status,PD1_INHIBITOR_CONCURRENTLY_WITH_RE-IRRADIATION,yes,no
treatment_status,CURRENT_REGIMEN,yes,no
treatment_status,DRUG_AND_DOSE_STEROID_DURING_PD1,yes,no
treatment_status,SURGICAL_APPROACH_AT_DIAGNOSIS,yes,no
treatment_status,PRIOR_INTRAVESICAL_CHEMOTHERAPY,yes,no
treatment_status,RT_TX_TOTAL_DOSE_TO_PELVIS,yes,no
treatment_status,HISTORY_REFLUX_DISEASE_TREATMENT,yes,no
treatment_status,SURGERY_AT_DX,yes,no
treatment_status,TREATMENT_PRIOR_TO_RESECTION,yes,no
treatment_status,IFN_TX_90_DAYS_PRIOR_TO_RESECTION,yes,no
treatment_status,RT_TX_REASON_NOT_COMPLETED,yes,no
treatment_status,ALTERNATE_THERAPY_OTHER,yes,no
treatment_status,CUMULATIVE_TREATMENT_STAGES,yes,no
treatment_status,TREATMENT_STATUS,yes,no
treatment_status,OFF_TREATMENT,yes,no
treatment_status,PD1_INHIBITOR_WITH_CELECOXIB,yes,no
treatment_status,CHEMO_CONCURRENT_TYPE_OTHER,yes,no
treatment_status,POST_SAMPLE_TX,yes,no
treatment_status,RADIATION_TREATMENT_ADJUVANT,yes,no
treatment_status,CHEMO_CONCURRENT_DOSE,yes,no
treatment_status,PRE_SAMPLE_CHEMOTHERAPY,yes,no
treatment_status,PREVIOUS_MAPKI,yes,no
treatment_status,DOSE_MG_DAY_STEROID_DURING_PD1,yes,no
treatment_status,RECEIVED_IO_AFTER_1ST_LINE,yes,no
treatment_status,PRETREATMENT_HISTORY,yes,no
treatment_status,HISTORY_HORMONAL_CONTRACEPTIVES_USE,yes,no
treatment_status,THERAPY_PRIOR_TO_DERIVATION,yes,no
treatment_status,COMPLETED_RADIATION_DOSE,yes,no
treatment_status,POST_SAMPLE_XRT,yes,no
treatment_status,PHARMACEUTICAL_TX_ADJUVANT,yes,no
treatment_status,FORMULATION,yes,no
treatment_status,HISTORY_NEOADJUVANT_TRTYN,yes,no
treatment_status,POST_SAMPLE_IMMUNOTHERAPY,yes,no
treatment_status,HISTORY_IMMUNOSUPPRESIVE_DX,yes,no
treatment_status,PRIOR_SYSTEMIC_THERAPIES,yes,no
treatment_status,OTHER_CONCURRENT_THERAPY,yes,no
treatment_status,TREATMENT_CHANGED,yes,no
treatment_status,HISTORY_IMMUNOSUPPRESSIVE_TX_OTHER,yes,no
treatment_status,TREATMENT_PRIOR_TO_SURGERY_INDICATOR,yes,no
treatment_status,CHEMO_CONCURRENT_COURSE,yes,no
treatment_status,INITIAL_TREATMENT,yes,no
treatment_status,FIRST_SURGICAL_PROCEDURE_OTHER,yes,no
treatment_status,TREATMENT,yes,no
treatment_status,PRE_SAMPLE_IMMUNOTHERAPY,yes,no
treatment_status,COMPLETED_TOTAL_RADIATION_DOSE,yes,no
treatment_status,SURGERY_ADVANCED_DISEASE,yes,no
treatment_status,PD1_INHIBITOR_CONCURRENTLY_WITH_NOVO-TTF,yes,no
treatment_status,PRD_RADIATION_SURGERY,yes,no
treatment_reason,MOST_RECENT_TREATMENT_TYPE,yes,no
treatment_reason,HISTORY_NEOADJUVANT_MEDICATION,yes,no
treatment_reason,SUBSEQUENT_RX,yes,no
treatment_reason,NEOADJUVANT_CHEMO,yes,no
treatment_reason,TX_SETTING,yes,no
treatment_reason,MAINTENANCE_TX,yes,no
treatment_reason,MOST_RECENT_TREATMENT_DURATION,yes,no
treatment_reason,NEOADJUVANT_XRT,yes,no
treatment_reason,PHARM_TX_MITOTANE_ADJUVANT,yes,no
treatment_reason,NEOADJUVANT_TREATMENT_DETAILS,yes,no
treatment_reason,SURGERY_INDICATION,yes,no
treatment_reason,TOTAL_CYCLES_NUM_NEOADJUVANT_ADJUVANT,yes,no
treatment_reason,POSTOPERATIVE_TX,yes,no
treatment_reason,CHEMO_REGIMEN_CATEGORY,yes,no
treatment_reason,PREVIOUS_TREATMENT,yes,no
treatment_reason,PRIORRADIATIONFOROTHERCANCER,yes,no
treatment_reason,ADJUVANT_CT,yes,no
treatment_reason,PRIOR_TREATMENT,yes,no
treatment_reason,RT_TX_REASON_NOT_COMPLETED_OTHER,yes,no
treatment_reason,CHEMO_FIRST_LINE,yes,no
treatment_reason,TYPE_OF_SURGERY,yes,no
treatment_reason,DURATION_OF_INDUCTION_TREATMENT,yes,no
treatment_reason,NEOADJ_CHEMO,yes,no
treatment_reason,FIFTH_LINE,yes,no
treatment_reason,NEOADJ_CHEMOCYCLES,yes,no
treatment_reason,DETAILS_FIRST_LINE_COMMENTS,yes,no
treatment_reason,2L_TREATMENT,yes,no
treatment_reason,RADADJUVANTRX,yes,no
treatment_reason,3L_TREATMENT,yes,no
treatment_reason,ADJUVANT_CHEMO,yes,no
treatment_reason,TX_LINE,yes,no
treatment_reason,TREATMENT_GROUP,yes,no
treatment_reason,TYPE_INDUCTION_TX,yes,no
treatment_reason,FIRST_LINE_MET_TX,yes,no
treatment_reason,ABLATION_EMBOLIZATION_TX_ADJUVANT,yes,no
treatment_reason,ADJUVANT_RADIATION_THERAPY,yes,no
treatment_reason,NEOADJUVANT_THERAPY,yes,no
treatment_reason,CURRENT_REGIMEN,yes,no
treatment_reason,TX_INDUCTION_COURSES_INDICATOR,yes,no
treatment_reason,ADJ_XRT,yes,no
treatment_reason,PRIOR_ADJUVANT_CHEMO,yes,no
treatment_reason,FIRST_LINE_TREATMENT,yes,no
treatment_reason,RT_TX_TOTAL_DOSE_TO_PELVIS,yes,no
treatment_reason,METASTATIC_RADIATION_THERAPY,yes,no
treatment_reason,ADJUVANT_IMMUNOTHERAPY,yes,no
treatment_reason,SURGERY_AT_DX,yes,no
treatment_reason,NEOADJUVANT,yes,no
treatment_reason,RT_TX_REASON_NOT_COMPLETED,yes,no
treatment_reason,ADJUVANT,yes,no
treatment_reason,THIRD_LINE,yes,no
treatment_reason,ALTERNATE_THERAPY_OTHER,yes,no
treatment_reason,CUMULATIVE_TREATMENT_STAGES,yes,no
treatment_reason,ADJUVANT_HORMONE_THERAPY,yes,no
treatment_reason,ADJUVANT_TX,yes,no
treatment_reason,RADIATION_TREATMENT_ADJUVANT,yes,no
treatment_reason,ADJUVANT_THERAPY,yes,no
treatment_reason,IMMUNE_TREATMENT,yes,no
treatment_reason,TX_MAINTENANCE_COURSES_INDICATOR,yes,no
treatment_reason,TREATMENT_PALLIATIVE_RADIATION,yes,no
treatment_reason,ADJUVANT_CHEMO_REGIMEN,yes,no
treatment_reason,ADJUVANT_TARGETED,yes,no
treatment_reason,FIRST_LINE_THERAPY,yes,no
treatment_reason,RADIATION_THERAPY_DOSE_PARAAORTIC_NODES,yes,no
treatment_reason,HISTORY_NEOADJUVANT_STEROID_TX,yes,no
treatment_reason,SALVAGE_CHEMO,yes,no
treatment_reason,NGS_PRIOR_THERAPY,yes,no
treatment_reason,TUMOR_SURGERY_NUMBER,yes,no
treatment_reason,NEOADJUVANT_TARGETED,yes,no
treatment_reason,PHARMACEUTICAL_TX_ADJUVANT,yes,no
treatment_reason,ADJUVANT_CHEMOTHERAPY,yes,no
treatment_reason,HISTORY_NEOADJUVANT_TRTYN,yes,no
treatment_reason,ADJUVANT_XRT,yes,no
treatment_reason,NEOADJUVANT_IMMUNOTHERAPY,yes,no
treatment_reason,PHARM_TX_MITOTANE_FOR_MACRO_DISEASE,yes,no
treatment_reason,NEOADJUVANT_CHEMOTHERAPY,yes,no
treatment_reason,TYPE_INDUCTION_TREATMENT,yes,no
treatment_reason,INDUCTION,yes,no
treatment_reason,FOURTH_LINE,yes,no
treatment_reason,INITIAL_TREATMENT,yes,no
treatment_reason,HISTORY_NEOADJUVANT_TX_TYPE,yes,no
treatment_reason,IO_LINE,yes,no
treatment_reason,treatment_reason,yes,no
treatment_reason,SECOND_LINE_TC_OR_SURGERY,yes,no
treatment_reason,NEOADJ_CHEMOAGENT,yes,no
treatment_group,FIRST_LINE_THERAPY,yes,no
treatment_group,CHEMO_REGIMEN_CATEGORY,yes,no
treatment_group,DETAILS_FIRST_LINE_COMMENTS,yes,no
treatment_group,PROTOCOL_AND_TREATMENT_ARM,yes,no
treatment_group,TREATMENT_ARM,yes,no
treatment_group,TREATMENT_GROUP,yes,no
treatment_group,treatment_group,yes,no
treatment_group,FIRSTLINE_CHEMO_GROUP,yes,no
treatment_notes,BRACHYTHERAPY_TOTAL_DOSE_POINT_A,yes,no
treatment_notes,SURGICAL_APPROACH_AT_DIAGNOSIS,yes,no
treatment_notes,HISTORY_IONIZING_RT_TO_HEAD,yes,no
treatment_notes,NONINVASIVE_BLADDER_CA_TX_TYPE,yes,no
treatment_notes,CUMULATIVE_TREATMENT_TYPE_COUNT,yes,no
treatment_notes,FORMULATION,yes,no
treatment_notes,RADIATION_THERAPY_XRT_TYPE,yes,no
treatment_notes,HISTORY_REFLUX_DISEASE_TREATMENT,yes,no
treatment_notes,PRD_TREATED_AT_ENROLLMENT,yes,no
treatment_notes,PRD_RADIATION,yes,no
treatment_notes,RT_TX_REASON_NOT_COMPLETED,yes,no
treatment_notes,TERT_OTHER_CYTOTOXIC_TX,yes,no
treatment_notes,CRDB_PRIOR_RX,yes,no
treatment_notes,AGE_AT_CHEMOTHERAPY_START,yes,no
treatment_notes,TREATMENT_AT_MSK,yes,no
treatment_notes,CUMULATIVE_CHEMO,yes,no
treatment_notes,RADIATION_TYPE,yes,no
treatment_notes,ALTERNATE_THERAPY_OTHER,yes,no
treatment_notes,CHEMO_OTHER_CYCLES,yes,no
treatment_notes,OTHER_CYTOTOXIC_TX,yes,no
treatment_notes,PRD_PROSTATECTOMY,yes,no
treatment_notes,METASTASECTOMY_SITE,yes,no
treatment_notes,PRD_OTHER_THERAPY,yes,no
treatment_notes,SURGERY_TYPE,yes,no
treatment_notes,OTHER_CONCURRENT_THERAPY,yes,no
treatment_notes,CHEMO_CONCURRENT_REASON_NOT_GIVEN,yes,no
treatment_notes,AGE_AT_RADIATION_START,yes,no
treatment_notes,TIMING_OTHER_NOTES,yes,no
treatment_notes,PRD_SURGERY,yes,no
treatment_notes,CUMULATIVE_TREATMENT_STAGE_COUNT,yes,no
treatment_notes,RADIATION_TYPE_OTHER,yes,no
treatment_notes,CHEMO_CONCURRENT_REASON_NOT_OTHER,yes,no
treatment_notes,CHEMOTHERAPY_TYPE,yes,no
treatment_notes,DETAILS_FIRST_LINE_COMMENTS,yes,no
treatment_notes,PRD_HORMONE_THERAPY,yes,no
treatment_notes,ALL_TX_AT_MSK,yes,no
treatment_notes,DX_TYPE,yes,no
treatment_notes,CRDB_TREATMENT_END_DAYS,yes,no
treatment_notes,PRD_OTHER_CANCER_RADIATION,yes,no
treatment_notes,CUMULATIVE_TREATMENT_REGIMEN_COUNT,yes,no
treatment_notes,REASON_FOR_TX_DISCONTINUATION,yes,no
treatment_notes,RT_TX_REASON_NOT_COMPLETED_OTHER,yes,no
treatment_notes,CYCLES_ON_THERAPY,yes,no
treatment_notes,CALC_TREATMENT_NAIVE,yes,no
treatment_notes,TOTAL_CYCLES_NUM_NEOADJUVANT_ADJUVANT,yes,no
treatment_notes,CHEMO_REGIMEN_CATEGORY,yes,no
treatment_notes,DOSE_OF_RE-IRRADIATION,yes,no
treatment_notes,AGE_AT_CHEMOTHERAPY_STOP,yes,no
treatment_notes,RADIATION_SITE,yes,no
treatment_notes,TX_LOCATION,yes,no
treatment_notes,GYN_DIAGNOSIS_CHEMO_INTENT_DESCRIPTION,yes,no
treatment_notes,treatment_notes,yes,no
treatment_notes,PRD_CHEMOTHERAPY,yes,no
treatment_notes,NUM_LINES,yes,no
treatment_notes,MARGINS_INVOLVED_HYSTERECTOMY,yes,no
treatment_notes,PRD_RADIATION_SURGERY,yes,no
treatment_notes,PRIOR_TREATMENT,yes,no
treatment_notes,PROCEDURE,yes,no
treatment_notes,SURGERY_DATE_RELATIVE_TO_DX_MONTHS,yes,no
treatment_notes,AGE_AT_RADIATION_STOP,yes,no
age_at_death_min,age_at_death_min,no,yes
age_at_death_max,age_at_death_max,no,yes
age_at_diagnosis_min,age_at_diagnosis_min,no,yes
age_at_diagnosis_max,age_at_diagnosis_max,no,yes
age_at_metastasis_min,age_at_metastasis_min,no,yes
age_at_metastasis_max,age_at_metastasis_max,no,yes
age_at_procurement_min,age_at_procurement_min,no,yes
age_at_procurement_max,age_at_procurement_max,no,yes
age_group,age_group,yes,no
age_group_ontology_term_id,age_group_ontology_term_id,no,no
ancestry_details_ontology_term_id,ancestry_details_ontology_term_id,no,no
ancestry_ontology_term_id,ancestry_ontology_term_id,no,no
body_site_ontology_term_id,body_site_ontology_term_id,no,no
country_ontology_term_id,country_ontology_term_id,no,no
cancer_status_ontology_term_id,cancer_status_ontology_term_id,no,no
disease_ontology_term_id,disease_ontology_term_id,no,no
cancer_subtype_ontology_term_id,cancer_subtype_ontology_term_id,no,no
oncotree_code,oncotree_code,no,no
specimen_type_ontology_term_id,specimen_type_ontology_term_id,no,no
sample_type_ontology_term_id,sample_type_ontology_term_id,no,no
cancer_type_ontology_term_id,cancer_type_ontology_term_id,no,no
cancer_type_details_ontology_term_id,cancer_type_details_ontology_term_id,no,no
location_ontology_term_id,location_ontology_term_id,no,no
sex_ontology_term_id,sex_ontology_term_id,no,no
study_design,study_design,yes,no
target_condition,target_condition,no,no
target_condition_ontology_term_id,target_condition_ontology_term_id,no,no
vital_status_ontology_term_id,vital_status_ontology_term_id,no,no
treatment_name_ontology_term_id,treatment_name_ontology_term_id,no,no
treatment_type_ontology_term_id,treatment_type_ontology_term_id,no,no
treatment_dose_unit,treatment_dose_unit,no,no
treatment_number_unit,treatment_number_unit,no,no
treatment_start_unit,treatment_start_unit,no,no
treatment_end_unit,treatment_end_unit,no,no
treatment_frequency_unit,treatment_frequency_unit,no,no
treatment_duration_unit,treatment_duration_unit,no,no
treatment_dose_unit_ontology_term_id,treatment_dose_unit_ontology_term_id,no,no
treatment_number_unit_ontology_term_id,treatment_number_unit_ontology_term_id,no,no
treatment_start_unit_ontology_term_id,treatment_start_unit_ontology_term_id,no,no
treatment_end_unit_ontology_term_id,treatment_end_unit_ontology_term_id,no,no
treatment_frequency_unit_ontology_term_id,treatment_frequency_unit_ontology_term_id,no,no
treatment_duration_unit_ontology_term_id,treatment_duration_unit_ontology_term_id,no,no
treatment_status_ontology_term_id,treatment_status_ontology_term_id,no,no
treatment_reason_ontology_term_id,treatment_reason_ontology_term_id,no,no
treatment_group_ontology_term_id,treatment_group_ontology_term_id,no,no
treatment_no,treatment_no,no,no
treatment_not_applicable,treatment_not_applicable,no,no
treatment_not_collected,treatment_not_collected,no,no
treatment_not_provided,treatment_not_provided,no,no
