query,stage,method,match1,match1_score,match1_source,match2,match2_score,match2_source,match3,match3_score,match3_source,match4,match4_score,match4_source,match5,match5_score,match5_source
2L_TREATMENT,stage3,ontology,treatment_name,1.0,2L_TREATMENT,,,,,,,,,,,,
3L_TREATMENT,stage3,ontology,treatment_name,1.0,3L_TREATMENT,,,,,,,,,,,,
ABLATION_EMBOLIZATION_TX_ADJUVANT,stage2,semantic,treatment_end,0.2758,,treatment_name,0.2697,,cancer_status,0.256,,treatment_notes,0.2506,,cancer_type_details,0.2359,
ADC+IMMUNOTHERAPY,stage2,semantic,treatment_name,0.2859,,treatment_type,0.2647,,treatment_not_collected,0.2646,,treatment_no,0.2636,,treatment_dose,0.2591,
ADC_THERAPY,stage2,semantic,treatment_name,0.434,,treatment_type,0.4223,,treatment_no,0.4013,,treatment_end,0.3888,,treatment_dose,0.3864,
ADENOCARCINOMA_SUBTYPE_WHO2015,stage2,semantic,cancer_subtype,0.6926,,cancer_type_details,0.5778,,cancer_type,0.5719,,cancer_subtype_ontology_term_id,0.5479,,cancer_type_details_ontology_term_id,0.4626,
ADJ_XRT,stage2,semantic,sex_ontology_term_id,0.2345,,sample_type,0.225,,treatment_dose_unit_ontology_term_id,0.216,,sample_type_ontology_term_id,0.2147,,cancer_type_ontology_term_id,0.2113,
ADJUVANT,stage2,semantic,treatment_name,0.2953,,treatment_group,0.2905,,treatment_type,0.2684,,target_condition,0.2411,,treatment_reason,0.2401,
ADJUVANT_CHEMO,stage2,semantic,cancer_type,0.3996,,treatment_name,0.3809,,cancer_status,0.353,,cancer_type_details,0.3525,,treatment_group,0.3506,
ADJUVANT_CHEMO_REGIMEN,stage3,ontology,treatment_name,1.0,ADJUVANT_CHEMO_REGIMEN,,,,,,,,,,,,
ADJUVANT_CHEMOTHERAPY,stage2,semantic,cancer_status,0.4138,,cancer_type,0.4128,,treatment_dose,0.3899,,cancer_type_details,0.3891,,treatment_name,0.3761,
ADJUVANT_CT,stage2,semantic,cancer_type,0.3263,,treatment_name,0.3087,,treatment_type,0.2954,,cancer_status,0.2951,,cancer_type_details,0.2839,
ADJUVANT_CYCLES_NUM,stage2,semantic,treatment_number_unit,0.2755,,treatment_number,0.2721,,treatment_dose_unit,0.2717,,treatment_dose,0.2559,,treatment_frequency,0.2477,
ADJUVANT_HORMONE_THERAPY,stage2,semantic,treatment_dose,0.4053,,treatment_name,0.3838,,treatment_type,0.3717,,treatment_no,0.3596,,treatment_status,0.3429,
ADJUVANT_IMMUNOTHERAPY,stage2,semantic,treatment_name,0.3319,,treatment_type,0.3275,,treatment_dose,0.3052,,treatment_no,0.2993,,treatment_not_applicable,0.2861,
ADJUVANT_RADIATION_THERAPY,stage2,semantic,treatment_dose,0.4502,,treatment_dose_unit,0.403,,treatment_name,0.3784,,treatment_type,0.3775,,treatment_status,0.3492,
ADJUVANT_TARGETED,stage2,semantic,target_condition,0.4474,,target_condition_ontology_term_id,0.2994,,treatment_name,0.2871,,treatment_type,0.2706,,treatment_dose,0.2703,
ADJUVANT_THERAPY,stage2,semantic,treatment_name,0.4453,,treatment_type,0.4368,,treatment_dose,0.4267,,treatment_no,0.3983,,treatment_status,0.397,
ADJUVANT_TX,stage3,value_std,treatment_type,1.0,Radiation Therapy,,,,,,,,,,,,
ADJUVANT_XRT,stage2,semantic,target_condition,0.2848,,cancer_type,0.2535,,treatment_dose_unit,0.2417,,treatment_name,0.2326,,treatment_group,0.2284,
ADMINISTRATION_OF_DRUG_WEEKS,stage2,numeric,treatment_duration,0.4676,,treatment_dose,0.3877,,treatment_frequency,0.3705,,treatment_start,0.3607,,treatment_end,0.3203,
AGE,stage2,numeric,age_at_death,0.725,,age_at_diagnosis,0.7209,,age_at_procurement,0.6882,,age_at_death_min,0.6761,,age_at_procurement_min,0.6587,
AGE_AT_CHEMOTHERAPY_START,stage2,numeric,age_at_metastasis,0.8272,,age_at_metastasis_min,0.8242,,age_at_metastasis_max,0.8205,,age_at_diagnosis,0.6924,,age_at_death_min,0.684,
AGE_AT_CHEMOTHERAPY_STOP,stage2,numeric,age_at_metastasis_max,0.7972,,age_at_metastasis,0.7779,,age_at_metastasis_min,0.7573,,age_at_death,0.6568,,age_at_death_max,0.6419,
AGE_AT_DEATH,stage1,std_exact,age_at_death,1.0,,,,,,,,,,,,,
AGE_AT_DERIVATION,stage2,numeric,age_at_death,0.7318,,age_at_diagnosis,0.6929,,age_at_death_min,0.6619,,age_at_death_max,0.6506,,age_at_procurement,0.6306,
AGE_AT_DIAGNOSIS,stage1,std_exact,age_at_diagnosis,1.0,,,,,,,,,,,,,
AGE_AT_DOS_BX,stage2,numeric,age_at_diagnosis,0.6203,,age_at_diagnosis_max,0.5932,,age_at_diagnosis_min,0.5929,,age_at_death_max,0.5802,,age_at_death_min,0.5785,
AGE_AT_DX,stage2,numeric,age_at_diagnosis,0.6575,,age_at_procurement,0.6278,,age_at_procurement_max,0.6264,,age_at_diagnosis_min,0.6259,,age_at_death_max,0.6244,
AGE_AT_EVIDENCE_OF_METS,stage2,numeric,age_at_diagnosis,0.5688,,age_at_metastasis,0.555,,age_at_death,0.5406,,age_at_metastasis_max,0.5406,,age_at_metastasis_min,0.5375,
AGE_AT_INITIAL_DIAGNOSIS,stage2,numeric,age_at_diagnosis,1.1092,,age_at_diagnosis_min,1.0007,,age_at_diagnosis_max,0.99,,age_at_metastasis_min,0.7317,,age_at_metastasis,0.7255,
AGE_AT_INITIAL_PATHOLOGIC_DIAGNOSIS,stage2,numeric,age_at_diagnosis,0.9776,,age_at_diagnosis_min,0.8714,,age_at_diagnosis_max,0.8409,,age_at_metastasis,0.7084,,age_at_metastasis_min,0.6989,
AGE_AT_MET,stage2,numeric,age_at_death,0.6591,,age_at_death_min,0.6475,,age_at_procurement,0.6295,,age_at_death_max,0.6096,,age_at_procurement_min,0.601,
AGE_AT_METS,stage2,numeric,age_at_death_min,0.5549,,age_at_death,0.549,,age_at_death_max,0.5386,,age_at_metastasis,0.5267,,age_at_diagnosis,0.525,
AGE_AT_PD1,stage2,numeric,age_at_diagnosis,0.6705,,age_at_diagnosis_min,0.639,,age_at_diagnosis_max,0.608,,age_at_death_min,0.6025,,age_at_procurement_min,0.6023,
AGE_AT_PROCUREMENT,stage1,std_exact,age_at_procurement,1.0,,,,,,,,,,,,,
AGE_AT_RADIATION_START,stage2,numeric,age_at_diagnosis,0.7111,,age_at_metastasis,0.6937,,age_at_metastasis_min,0.6933,,age_at_metastasis_max,0.6897,,age_at_diagnosis_min,0.6737,
AGE_AT_RADIATION_STOP,stage2,numeric,age_at_metastasis_max,0.6842,,age_at_diagnosis_max,0.6683,,age_at_diagnosis,0.6589,,age_at_death,0.6541,,age_at_metastasis,0.6495,
AGE_AT_RESECTION,stage2,numeric,age_at_diagnosis,0.7704,,age_at_metastasis,0.7508,,age_at_metastasis_min,0.7361,,age_at_metastasis_max,0.7248,,age_at_death,0.7194,
AGE_AT_SAMPLE_COLLECTION,stage2,numeric,age_at_procurement,0.7127,,age_at_procurement_min,0.691,,age_at_procurement_max,0.6629,,age_at_diagnosis,0.63,,age_at_diagnosis_min,0.5988,
AGE_AT_SAMPLING,stage2,numeric,age_at_diagnosis,0.6305,,age_at_death,0.6293,,age_at_death_min,0.6286,,age_at_procurement,0.6103,,age_at_diagnosis_min,0.6077,
AGE_AT_SCC,stage2,numeric,age_at_procurement_min,0.6386,,age_at_procurement,0.6336,,age_at_diagnosis,0.6191,,age_at_death_min,0.619,,age_at_procurement_max,0.6116,
AGE_AT_SEQ_REPORT,stage2,numeric,age_at_diagnosis,0.6999,,age_at_diagnosis_max,0.6582,,age_at_diagnosis_min,0.6446,,age_at_metastasis_max,0.6066,,age_at_procurement,0.5957,
AGE_AT_SEQ_REPORTED_YEARS,stage2,numeric,age_at_diagnosis,0.6851,,age_at_diagnosis_max,0.6537,,age_at_diagnosis_min,0.6209,,age_at_metastasis_max,0.6065,,age_at_metastasis,0.5898,
AGE_AT_SEQUENCING,stage2,numeric,age_at_diagnosis,0.6938,,age_at_diagnosis_min,0.671,,age_at_diagnosis_max,0.6506,,age_at_metastasis_min,0.6391,,age_at_metastasis_max,0.6389,
AGE_AT_SPECIMEN_ACQUISITION,stage2,numeric,age_at_diagnosis,0.7257,,age_at_diagnosis_min,0.6473,,age_at_diagnosis_max,0.6373,,age_at_procurement,0.6369,,age_at_procurement_min,0.5942,
AGE_AT_TCGA_SPECIMEN,stage2,numeric,age_at_diagnosis,0.6337,,age_at_diagnosis_min,0.5905,,age_at_diagnosis_max,0.5758,,age_at_metastasis_max,0.5276,,age_at_metastasis,0.5257,
AGE_D,stage2,numeric,age_at_death,0.6553,,age_at_diagnosis,0.6297,,age_at_procurement,0.6211,,age_at_death_min,0.6073,,age_at_death_max,0.6003,
AGE_IN_DAYS,stage2,numeric,age_at_diagnosis,0.6617,,age_at_death_min,0.6585,,age_at_death,0.6534,,age_at_death_max,0.624,,age_at_diagnosis_min,0.6124,
AGE_RESECTED,stage2,numeric,age_at_death,0.7738,,age_at_diagnosis,0.7389,,age_at_death_min,0.7157,,age_at_death_max,0.6842,,age_at_procurement,0.6733,
AGE_START_IO,stage2,numeric,age_at_metastasis_min,0.6246,,age_at_death_min,0.5995,,age_at_metastasis,0.5993,,age_at_diagnosis_min,0.5961,,age_at_metastasis_max,0.5836,
AGE_TESTING_YEARS,stage2,numeric,age_at_diagnosis,0.7971,,age_at_diagnosis_max,0.7124,,age_at_death,0.6946,,age_at_diagnosis_min,0.6881,,age_at_procurement,0.6877,
AGE_YRS,stage2,numeric,age_at_procurement,0.6664,,age_at_diagnosis,0.666,,age_at_procurement_min,0.6443,,age_at_procurement_max,0.6296,,age_at_death,0.6009,
AGENT,stage3,ontology,treatment_name,1.0,AGENT,,,,,,,,,,,,
ALKYLATING_AGENT,stage2,semantic,treatment_type,0.2433,,treatment_name,0.2267,,treatment_group,0.224,,treatment_end_unit,0.2222,,oncotree_code,0.2186,
ALKYLATING_CHEMOTHERAPY,stage2,semantic,cancer_type_details,0.4295,,cancer_type,0.422,,cancer_status,0.4075,,treatment_name,0.366,,treatment_dose,0.3636,
ALKYLATING_TX,stage2,semantic,oncotree_code,0.2056,,sample_type,0.1754,,sample_type_ontology_term_id,0.1345,,specimen_type_ontology_term_id,0.1261,,location,0.1258,
ALL_TX_AT_MSK,stage2,semantic,location,0.2438,,body_site,0.158,,cancer_status,0.1185,,country,0.1168,,age_at_procurement_max,0.1003,
ALPELISIB_DOSE,stage2,numeric,treatment_dose,0.7285,,treatment_number,0.4526,,treatment_end,0.3306,,treatment_start,0.3258,,treatment_frequency,0.3175,
ALPELISIB_SCHEDULING,stage2,semantic,treatment_duration_unit,0.2216,,treatment_frequency,0.2094,,treatment_duration,0.2088,,treatment_duration_unit_ontology_term_id,0.1976,,treatment_group,0.1958,
ALTERNATE_THERAPY,stage3,value_std,treatment_type,0.5,Chemotherapy,treatment_status,0.5,SURGERY,,,,,,,,,
ALTERNATE_THERAPY_OTHER,stage3,value_std,treatment_type,1.0,vaccine,,,,,,,,,,,,
ANATOMICAL_SUBTYPE,stage2,semantic,cancer_subtype,0.5449,,cancer_subtype_ontology_term_id,0.4666,,specimen_type,0.4181,,specimen_type_ontology_term_id,0.4037,,cancer_type_details,0.3773,
ANCESTRY_PRIMARY,stage2,semantic,ancestry,0.7834,,ancestry_details,0.7192,,ancestry_ontology_term_id,0.652,,ancestry_details_ontology_term_id,0.6422,,country_ontology_term_id,0.3404,
ANDROGEN_DEPRIVATION_THERAPY,stage3,ontology,treatment_name,1.0,ANDROGEN_DEPRIVATION_THERAPY,,,,,,,,,,,,
ANTHRACYCLINE_TX,stage2,semantic,treatment_name,0.3825,,treatment_group,0.3273,,treatment_dose,0.3262,,cancer_type,0.3256,,treatment_number,0.3171,
ANTIMETABOLITE_TX,stage2,semantic,treatment_type,0.1875,,treatment_name,0.1768,,cancer_type,0.1702,,treatment_no,0.1691,,treatment_not_applicable,0.1603,
ANY_LINE_CHEMO,stage2,semantic,cancer_type,0.4078,,cancer_type_details,0.3516,,cancer_status,0.3231,,treatment_no,0.3224,,cancer_subtype,0.3147,
ANY_LINE_HORMONE,stage2,semantic,body_site,0.2926,,treatment_end_unit,0.231,,treatment_group,0.2257,,treatment_type,0.2203,,treatment_name,0.2186,
ANY_LINE_IMMUNO,stage2,semantic,cancer_type,0.3204,,cancer_type_details,0.3112,,disease,0.2987,,treatment_no,0.296,,treatment_type,0.2908,
ANY_LINE_IODINE,stage2,semantic,treatment_no,0.2701,,treatment_dose_unit,0.2552,,treatment_end_unit,0.2524,,treatment_number_unit,0.2505,,sample_type,0.2496,
ANY_LINE_NTRK,stage2,semantic,sex,0.2388,,location,0.1726,,treatment_no,0.1675,,body_site,0.1569,,treatment_start,0.142,
ANY_LINE_TARGETED,stage2,semantic,target_condition,0.4156,,location,0.2291,,sample_type,0.2285,,sex,0.1881,,target_condition_ontology_term_id,0.1866,
ANY_THERAPY_2YRS,stage2,semantic,treatment_start,0.5348,,treatment_name,0.5341,,treatment_no,0.5336,,treatment_not_provided,0.5273,,treatment_type,0.5131,
ANYTIME_CANCER_LOC_OVARY,stage3,value_std,sex,1.0,FEMALE,,,,,,,,,,,,
BIOPSY_SITE,stage3,ontology,body_site,1.0,BIOPSY_SITE,,,,,,,,,,,,
BIRTH_COUNTRY,stage3,value_std,country,1.0,UKRAINE,,,,,,,,,,,,
BRACHYTHERAPY_TOTAL_DOSE_POINT_A,stage2,numeric,treatment_dose,0.7725,,treatment_number,0.5502,,treatment_frequency,0.4057,,treatment_duration,0.4016,,treatment_end,0.3761,
BRACHYTHERAPY_TYPE,stage2,semantic,treatment_type,0.6334,,treatment_name,0.5372,,treatment_dose,0.4526,,treatment_no,0.4502,,treatment_status,0.4352,
BRACHYTHERAPY_TYPE_OTHER,stage2,semantic,treatment_type,0.6295,,treatment_name,0.5406,,treatment_no,0.4818,,treatment_dose,0.4469,,treatment_reason,0.4268,
BREAST_SURGERY,stage3,value_std,treatment_type,1.0,MASTECTOMY,,,,,,,,,,,,
CALC_TREATMENT_NAIVE,stage2,semantic,treatment_dose_unit,0.4567,,treatment_dose,0.44,,treatment_number,0.4193,,treatment_name,0.4165,,treatment_status,0.4067,
CANCER.TYPE,stage1,std_exact,cancer_type,1.0,,,,,,,,,,,,,
CANCER_SUBTYPE_CURATED,stage3,ontology,cancer_type,1.0,CANCER_SUBTYPE_CURATED,disease,1.0,CANCER_SUBTYPE_CURATED,cancer_type_details,1.0,CANCER_SUBTYPE_CURATED,,,,,,
CANCER_TYPE,stage1,std_exact,cancer_type,1.0,,,,,,,,,,,,,
CANCER_TYPE_DETAILED,stage1,std_fuzzy,cancer_type_details,0.9231,,,,,,,,,,,,,
CARBOPLATIN_TX,stage2,semantic,treatment_group,0.2838,,treatment_name,0.2786,,cancer_type,0.2492,,treatment_no,0.2411,,location,0.2364,
CERVIX_SUV_RESULTS,stage3,value_std,sex,1.0,FEMALE,,,,,,,,,,,,
CHEMO_CONCURRENT_COURSE,stage2,semantic,treatment_group,0.3565,,study_design,0.3321,,treatment_notes,0.3196,,treatment_not_collected,0.3077,,cancer_type,0.3017,
CHEMO_CONCURRENT_DOSE,stage2,semantic,treatment_dose,0.6248,,treatment_dose_unit,0.5749,,treatment_frequency,0.4877,,treatment_duration,0.4698,,treatment_duration_unit,0.4169,
CHEMO_CONCURRENT_FRACTIONS_TOTAL,stage2,semantic,treatment_dose,0.3241,,treatment_frequency,0.3162,,treatment_dose_unit,0.3094,,treatment_number,0.2889,,treatment_number_unit,0.2718,
CHEMO_CONCURRENT_REASON_NOT_GIVEN,stage2,semantic,treatment_reason,0.4815,,treatment_not_applicable,0.3597,,treatment_not_collected,0.3449,,treatment_not_provided,0.3374,,treatment_reason_ontology_term_id,0.3127,
CHEMO_CONCURRENT_REASON_NOT_OTHER,stage2,semantic,treatment_reason,0.5056,,treatment_not_applicable,0.3231,,treatment_reason_ontology_term_id,0.3184,,treatment_not_collected,0.3045,,treatment_not_provided,0.3038,
CHEMO_CONCURRENT_TYPE,stage3,ontology,treatment_name,1.0,CHEMO_CONCURRENT_TYPE,,,,,,,,,,,,
CHEMO_CONCURRENT_TYPE_OTHER,stage2,semantic,cancer_type,0.4831,,treatment_type,0.4563,,cancer_type_details,0.4368,,cancer_subtype,0.4012,,cancer_type_details_ontology_term_id,0.3416,
CHEMO_CYCLES,stage2,semantic,cancer_type,0.3404,,cancer_type_details,0.3191,,cancer_status,0.3158,,age_at_metastasis,0.3151,,cancer_subtype,0.3132,
CHEMO_DETAILS,stage2,semantic,cancer_type_details,0.5771,,cancer_status,0.5278,,cancer_type,0.5088,,cancer_subtype,0.4354,,treatment_name,0.387,
CHEMO_FIRST_LINE,stage2,semantic,cancer_type,0.3865,,treatment_start,0.3697,,cancer_type_details,0.3506,,cancer_status,0.35,,cancer_subtype,0.3236,
CHEMO_OTHER,stage3,ontology,treatment_name,1.0,CHEMO_OTHER,,,,,,,,,,,,
CHEMO_OTHER_CYCLES,stage2,semantic,cancer_type,0.35,,cancer_type_details,0.3272,,cancer_subtype,0.3236,,age_at_metastasis,0.3088,,cancer_status,0.2968,
CHEMO_REGIMEN_CATEGORY,stage3,value_std,treatment_type,1.0,Other: surveillance,,,,,,,,,,,,
CHEMO_TX,stage2,semantic,cancer_type,0.3791,,treatment_group,0.3591,,location,0.3565,,cancer_status,0.3542,,treatment_name,0.333,
CHEMOTHERAPY,stage3,ontology,treatment_name,1.0,CHEMOTHERAPY,,,,,,,,,,,,
CHEMOTHERAPY+IMMUNOTHERAPY,stage2,semantic,cancer_status,0.4453,,treatment_name,0.4403,,cancer_type,0.4387,,treatment_type,0.4329,,treatment_dose,0.4295,
CHEMOTHERAPY_AGENTS,stage3,value_std,treatment_type,1.0,Everolimus,,,,,,,,,,,,
CHEMOTHERAPY_PRIOR_SAMPLE_ACQUIRED,stage3,ontology,treatment_name,1.0,CHEMOTHERAPY_PRIOR_SAMPLE_ACQUIRED,,,,,,,,,,,,
CHEMOTHERAPY_TYPE,stage2,semantic,cancer_type,0.7199,,cancer_type_details,0.6763,,treatment_type,0.6452,,cancer_status,0.5443,,cancer_subtype,0.5427,
CHRONIC_HEPATITIS_ANY_TYPE,stage2,semantic,treatment_type,0.3744,,cancer_type,0.3709,,disease,0.3202,,treatment_no,0.3139,,cancer_type_details,0.29,
CISPLATIN_TX,stage2,semantic,treatment_name,0.3026,,treatment_group,0.2921,,cancer_type,0.2855,,cancer_status,0.276,,cancer_type_details,0.2726,
CLAUDIN_SUBTYPE,stage3,value_std,location,1.0,NC,,,,,,,,,,,,
CLINICAL_STATUS_AT_COLLECTION_EVENT,stage3,value_std,vital_status,1.0,ALIVE,,,,,,,,,,,,
CNS_DISEASE,stage2,semantic,disease,0.5296,,disease_ontology_term_id,0.3695,,age_at_diagnosis,0.3087,,age_at_diagnosis_max,0.2671,,age_at_diagnosis_min,0.2664,
COMPLETED_RADIATION_DOSE,stage2,semantic,treatment_dose_unit,0.6348,,treatment_dose,0.6307,,treatment_status,0.4358,,cancer_status,0.409,,treatment_dose_unit_ontology_term_id,0.4042,
COMPLETED_TOTAL_RADIATION_DOSE,stage2,semantic,treatment_dose,0.6198,,treatment_dose_unit,0.6186,,treatment_status,0.4225,,treatment_duration_unit,0.3996,,treatment_duration,0.3964,
CONCURRENT_CHEMOTHERAPY,stage2,semantic,cancer_status,0.4688,,treatment_duration,0.4461,,treatment_dose,0.4424,,treatment_status,0.4326,,cancer_type,0.4175,
COUNTRY,stage1,std_exact,country,1.0,,,,,,,,,,,,,
COUNTRY_OF_ORIGIN,stage3,value_std,country,1.0,BULGARIA,,,,,,,,,,,,
COUNTRY_OF_PROCUREMENT,stage3,value_std,country,1.0,UKRAINE,,,,,,,,,,,,
CRDB_PRIOR_RX,stage2,semantic,treatment_start_unit_ontology_term_id,0.206,,target_condition_ontology_term_id,0.2019,,treatment_dose_unit_ontology_term_id,0.1891,,treatment_end_unit_ontology_term_id,0.1866,,treatment_number_unit_ontology_term_id,0.1843,
CRDB_SURVIVAL_STATUS,stage3,value_std,vital_status,1.0,DEAD,,,,,,,,,,,,
CRDB_TREATMENT_END_DAYS,stage2,numeric,treatment_duration,0.6933,,treatment_end,0.6579,,treatment_start,0.6098,,treatment_frequency,0.5903,,treatment_number,0.3934,
CRT_CHEMOAGENT,stage3,ontology,treatment_name,1.0,CRT_CHEMOAGENT,,,,,,,,,,,,
CUMULATIVE_CHEMO,stage2,semantic,treatment_dose,0.4006,,treatment_dose_unit,0.4003,,cancer_type,0.3996,,cancer_status,0.3975,,treatment_group,0.3833,
CUMULATIVE_TREATMENT_REGIMEN_COUNT,stage2,numeric,treatment_dose,0.7178,,treatment_frequency,0.7012,,treatment_number,0.6855,,treatment_duration,0.6235,,treatment_start,0.4826,
CUMULATIVE_TREATMENT_REGIMENS,stage3,ontology,treatment_name,1.0,CUMULATIVE_TREATMENT_REGIMENS,,,,,,,,,,,,
CUMULATIVE_TREATMENT_STAGE_COUNT,invalid,stage_column,,,,,,,,,,,,,,,
CUMULATIVE_TREATMENT_STAGES,invalid,stage_column,,,,,,,,,,,,,,,
CUMULATIVE_TREATMENT_TYPE_COUNT,stage2,numeric,treatment_frequency,0.6418,,treatment_number,0.6049,,treatment_dose,0.5344,,treatment_duration,0.5222,,treatment_end,0.4397,
CUMULATIVE_TREATMENT_TYPES,stage3,value_std,treatment_type,1.0,Targeted Therapy - Other,,,,,,,,,,,,
curated_cancer_type,stage3,value_std,sex,1.0,FEMALE,,,,,,,,,,,,
CURRENT_CYCLE,stage2,numeric,treatment_dose,0.2504,,treatment_frequency,0.1658,,treatment_duration,0.1006,,age_at_death,0.0978,,treatment_end,0.0952,
CURRENT_REGIMEN,stage3,value_std,treatment_type,1.0,Donor Lymphocyte Infusion,,,,,,,,,,,,
CYCLES_COMPLETED,stage2,semantic,sex,0.3086,,treatment_end,0.3053,,location,0.3011,,treatment_status,0.2706,,treatment_no,0.2593,
CYCLES_ON_THERAPY,stage2,numeric,treatment_frequency,0.5632,,treatment_dose,0.5193,,treatment_end,0.5189,,treatment_duration,0.5187,,treatment_start,0.5182,
CYTOLOGICAL_PHENOTYPE,stage3,ontology,body_site,1.0,CYTOLOGICAL_PHENOTYPE,,,,,,,,,,,,
CYTOTOXIC_TREATMENT,stage2,semantic,treatment_name,0.5159,,treatment_dose,0.4937,,treatment_type,0.4782,,treatment_no,0.4591,,treatment_end,0.4428,
CYTOTOXIC_TX,stage2,semantic,cancer_type_details,0.3632,,cancer_type,0.3589,,cancer_status,0.3545,,treatment_name,0.3235,,cancer_subtype,0.3001,
DEFINITIVE_SURGICAL_PROCEDURE,stage2,semantic,treatment_no,0.371,,treatment_end,0.3595,,treatment_status,0.3501,,treatment_not_provided,0.3303,,treatment_end_unit,0.329,
DETAILED_CANCER_TYPE,stage1,std_fuzzy,cancer_type_details,0.9231,,,,,,,,,,,,,
DETAILED_PRIMARY_SITE,stage3,ontology,body_site,1.0,DETAILED_PRIMARY_SITE,,,,,,,,,,,,
DETAILS_FIRST_LINE_COMMENTS,stage3,value_std,treatment_type,1.0,active surveillance,,,,,,,,,,,,
DFS_STATUS,stage2,semantic,cancer_status,0.3058,,treatment_status,0.3053,,cancer_status_ontology_term_id,0.2417,,treatment_status_ontology_term_id,0.2197,,vital_status_ontology_term_id,0.1898,
DIABETES_DIAGNOSIS_INDICATOR,stage2,semantic,age_at_diagnosis,0.2705,,cancer_status_ontology_term_id,0.268,,cancer_status,0.2619,,disease_ontology_term_id,0.2533,,disease,0.2458,
DIAGNOSIS,stage3,ontology,cancer_type,1.0,DIAGNOSIS,disease,1.0,DIAGNOSIS,cancer_type_details,1.0,DIAGNOSIS,,,,,,
DIAGNOSIS.AGE,stage2,numeric,age_at_diagnosis,1.1314,,age_at_diagnosis_max,1.0165,,age_at_diagnosis_min,1.0033,,age_at_metastasis,0.7034,,age_at_metastasis_min,0.6999,
DIAGNOSIS_CANCER_BONE,stage2,semantic,cancer_type_details,0.5693,,cancer_status,0.5256,,cancer_type,0.5035,,cancer_subtype,0.4572,,cancer_status_ontology_term_id,0.3552,
DIAGNOSIS_CANCER_LOC_AXILLARY_LN,stage2,semantic,cancer_type_details,0.4423,,cancer_subtype,0.4401,,cancer_status,0.4077,,cancer_type,0.3995,,cancer_subtype_ontology_term_id,0.3818,
DIAGNOSIS_CANCER_LOC_BRAIN,stage2,semantic,cancer_type_details,0.5539,,cancer_status,0.5194,,cancer_type,0.4996,,cancer_subtype,0.4895,,cancer_type_details_ontology_term_id,0.4181,
DIAGNOSIS_CANCER_LOC_BREAST,stage2,semantic,cancer_status,0.5025,,cancer_type_details,0.4964,,cancer_subtype,0.4554,,cancer_type,0.4475,,cancer_status_ontology_term_id,0.3528,
DIAGNOSIS_CANCER_LOC_CHEST_WALL,stage2,semantic,cancer_type_details,0.4372,,cancer_status,0.4326,,cancer_type,0.3811,,cancer_status_ontology_term_id,0.3385,,cancer_subtype,0.3378,
DIAGNOSIS_CANCER_LOC_LIVER,stage2,semantic,cancer_status,0.4975,,cancer_type_details,0.4775,,cancer_type,0.4225,,cancer_subtype,0.4138,,cancer_status_ontology_term_id,0.3804,
DIAGNOSIS_CANCER_LOC_LUNG,stage2,semantic,cancer_type_details,0.5051,,cancer_status,0.4777,,cancer_type,0.4483,,cancer_subtype,0.4221,,cancer_status_ontology_term_id,0.3874,
DIAGNOSIS_CANCER_LOC_OTHER_LN,stage2,semantic,cancer_type_details,0.5388,,cancer_status,0.5109,,cancer_type,0.4955,,cancer_subtype,0.4856,,cancer_status_ontology_term_id,0.4456,
DIAGNOSIS_CANCER_LOC_OVARY,stage3,value_std,sex,1.0,FEMALE,,,,,,,,,,,,
DIAGNOSIS_CANCER_LOC_PLEURAL_EFFUSION,stage2,semantic,cancer_type_details,0.4031,,cancer_status,0.3587,,cancer_type,0.3532,,cancer_subtype,0.3045,,cancer_type_details_ontology_term_id,0.2669,
DIAGNOSIS_CANCER_LOC_SKIN,stage2,semantic,cancer_type_details,0.5248,,cancer_status,0.5113,,cancer_type,0.4614,,cancer_subtype,0.4437,,cancer_status_ontology_term_id,0.3989,
DISEASE,stage1,std_exact,disease,1.0,,,,,,,,,,,,,
DISEASE_CODE,stage2,semantic,disease,0.6226,,disease_ontology_term_id,0.5197,,age_at_diagnosis,0.4061,,age_at_diagnosis_max,0.3955,,treatment_number,0.3396,
DISEASE_EXTENT,stage3,ontology,cancer_type,1.0,DISEASE_EXTENT,disease,1.0,DISEASE_EXTENT,cancer_type_details,1.0,DISEASE_EXTENT,,,,,,
DISEASE_MULTIFOCAL_INDICATOR,stage2,semantic,disease,0.4499,,disease_ontology_term_id,0.449,,age_at_diagnosis,0.3655,,cancer_status_ontology_term_id,0.3645,,age_at_diagnosis_max,0.3498,
DISEASE_ONTOLOGY,stage3,ontology,cancer_type,1.0,DISEASE_ONTOLOGY,disease,1.0,DISEASE_ONTOLOGY,cancer_type_details,1.0,DISEASE_ONTOLOGY,,,,,,
DMETS_DX_FEMALE_GENITAL,stage3,value_std,sex,1.0,FEMALE,,,,,,,,,,,,
DMETS_DX_MALE_GENITAL,stage3,value_std,sex,1.0,MALE,,,,,,,,,,,,
DMETS_DX_OVARY,stage3,value_std,sex,1.0,FEMALE,,,,,,,,,,,,
DOMINANT_HISTOLOGICAL_SUBTYPE,stage2,semantic,cancer_subtype,0.5122,,cancer_subtype_ontology_term_id,0.3931,,cancer_type_details,0.3838,,cancer_type,0.379,,cancer_type_details_ontology_term_id,0.3048,
DOPAMINE,stage2,semantic,sex,0.3731,,disease,0.3499,,treatment_reason,0.3044,,treatment_name,0.2806,,treatment_start,0.2554,
DOSE_MG_DAY_STEROID_DURING_PD1,stage2,numeric,treatment_dose,0.6438,,treatment_number,0.3854,,treatment_start,0.3244,,treatment_frequency,0.302,,treatment_duration,0.2905,
DOSE_MG_DAY_STEROID_PD1_START,stage2,numeric,treatment_dose,0.6094,,treatment_start,0.4636,,treatment_number,0.3912,,treatment_duration,0.2809,,treatment_frequency,0.2632,
DOSE_OF_PEMBROLIZUMAB_PER_INJECTION (MG/KG),stage2,semantic,treatment_dose,0.5551,,treatment_dose_unit,0.5031,,treatment_number,0.3648,,treatment_frequency,0.3314,,treatment_number_unit,0.3252,
DOSE_OF_RE-IRRADIATION,stage2,semantic,treatment_dose,0.6476,,treatment_dose_unit,0.6275,,treatment_frequency,0.4813,,treatment_frequency_unit,0.4178,,treatment_no,0.3683,
DOT_MONTHS,stage2,numeric,treatment_duration,0.3497,,treatment_frequency,0.3322,,age_at_procurement,0.2266,,age_at_procurement_min,0.2014,,age_at_metastasis,0.1933,
DRUG,stage3,ontology,treatment_name,1.0,DRUG,,,,,,,,,,,,
DRUG_AND_DOSE_STEROID_DURING_PD1,stage3,ontology,treatment_name,1.0,DRUG_AND_DOSE_STEROID_DURING_PD1,,,,,,,,,,,,
DRUG_LAST_ADMIN,stage2,numeric,treatment_end,0.3822,,treatment_number,0.3009,,treatment_start,0.2742,,treatment_duration,0.2737,,treatment_dose,0.2694,
DRUG_START,stage2,numeric,treatment_start,0.8253,,treatment_end,0.5402,,treatment_duration,0.3586,,treatment_dose,0.2438,,treatment_number,0.2251,
DRUG_TYPE,stage2,semantic,treatment_type,0.6405,,cancer_type,0.5739,,specimen_type,0.4677,,cancer_type_details,0.458,,sample_type,0.444,
DSS_STATUS,stage3,value_std,vital_status,1.0,0:ALIVE OR DEAD TUMOR FREE,,,,,,,,,,,,
DURATION_OF_INDUCTION_TREATMENT,stage2,numeric,treatment_duration,0.83,,treatment_frequency,0.6451,,treatment_start,0.6244,,treatment_end,0.5792,,treatment_dose,0.4597,
DURATION_OF_THERAPY_DAYS,stage2,numeric,treatment_duration,0.9767,,treatment_frequency,0.7162,,treatment_end,0.6153,,treatment_start,0.5796,,treatment_dose,0.517,
DURATION_OF_THERAPY_WEEKS,stage2,numeric,treatment_duration,0.951,,treatment_frequency,0.6934,,treatment_end,0.6111,,treatment_start,0.5892,,treatment_dose,0.4891,
DX_AT_INCLUSION,stage3,ontology,cancer_type,1.0,DX_AT_INCLUSION,disease,1.0,DX_AT_INCLUSION,cancer_type_details,1.0,DX_AT_INCLUSION,,,,,,
DX_ORG_INST,stage3,ontology,cancer_type,1.0,DX_ORG_INST,disease,1.0,DX_ORG_INST,cancer_type_details,1.0,DX_ORG_INST,,,,,,
DX_TYPE,stage3,value_std,treatment_type,1.0,EXCISION,,,,,,,,,,,,
ENDOCRINE_THERAPY,stage3,ontology,treatment_name,1.0,ENDOCRINE_THERAPY,,,,,,,,,,,,
EPINEPHRINE,stage2,semantic,treatment_name,0.3295,,treatment_end,0.288,,treatment_type,0.2638,,treatment_end_unit,0.2634,,treatment_dose_unit,0.2634,
ESOPHAGEAL_TUMOR_LOCATION_CENTERED,stage2,semantic,cancer_type_details,0.3828,,cancer_type,0.3313,,cancer_subtype,0.3237,,cancer_status,0.3062,,cancer_type_details_ontology_term_id,0.246,
ESOPHAGEAL_TUMOR_LOCATION_INVOLVED,stage2,semantic,cancer_type_details,0.4024,,cancer_type,0.3415,,cancer_subtype,0.3283,,cancer_status,0.3032,,cancer_type_details_ontology_term_id,0.2516,
ETHNICITY,stage3,value_std,ancestry_details,0.6667,CHINESE,,,,,,,,,,,,
ETHNICITY_SELF_IDENTIFY,stage3,value_std,ancestry_details,1.0,ASIAN/FILIPINO,,,,,,,,,,,,
EXTRANODAL_DISEASE,stage2,semantic,disease,0.5462,,disease_ontology_term_id,0.3699,,treatment_no,0.3274,,treatment_not_provided,0.3093,,treatment_name,0.3054,
FAMILY_HISTORY_TESTICULAR_CANCER,stage3,value_std,sex,1.0,MALE,,,,,,,,,,,,
FIFTH_LINE,stage3,ontology,treatment_name,1.0,FIFTH_LINE,,,,,,,,,,,,
FIRST_LINE_MET_TX,stage2,semantic,location,0.2325,,sex,0.197,,ancestry,0.1728,,body_site,0.1701,,country,0.1604,
FIRST_LINE_THERAPY,stage3,ontology,treatment_name,1.0,FIRST_LINE_THERAPY,,,,,,,,,,,,
FIRST_LINE_TREATMENT,stage2,semantic,treatment_start,0.6576,,treatment_start_unit,0.5945,,treatment_notes,0.5236,,treatment_no,0.5072,,treatment_name,0.5001,
FIRST_SURGICAL_PROCEDURE_OTHER,stage3,value_std,treatment_type,0.8333,Mastectomy,,,,,,,,,,,,
FIRST_THERAPY,stage3,value_std,treatment_type,0.8,Immunotherapy,,,,,,,,,,,,
FIRSTLINE_CHEMO_GROUP,stage2,semantic,treatment_group,0.4569,,cancer_type,0.3509,,cancer_subtype,0.3402,,treatment_start,0.3294,,cancer_type_details,0.3236,
FOLIC_ACID_TX,stage2,semantic,treatment_name,0.2206,,cancer_type,0.2132,,treatment_dose,0.2083,,treatment_no,0.2065,,cancer_type_details,0.2055,
FORMULATION,stage2,semantic,sample_type,0.3644,,target_condition,0.3297,,treatment_type,0.3134,,specimen_type,0.3081,,treatment_dose_unit,0.2936,
FOURTH_LINE,stage3,value_std,treatment_type,1.0,Everolimus,,,,,,,,,,,,
GASTRIC_CLASSIFICATION,stage3,ontology,cancer_type,1.0,GASTRIC_CLASSIFICATION,disease,1.0,GASTRIC_CLASSIFICATION,cancer_type_details,1.0,GASTRIC_CLASSIFICATION,,,,,,
GENDER,stage3,value_std,sex,1.0,FEMALE,,,,,,,,,,,,
GYN_DIAGNOSIS_CHEMO_INTENT_DESCRIPTION,stage3,value_std,treatment_status,1.0,Primary,,,,,,,,,,,,
GYN_DIAGNOSIS_HISTOLOGY,stage2,semantic,age_at_diagnosis,0.418,,cancer_status,0.3554,,cancer_type_details,0.3486,,age_at_diagnosis_min,0.3317,,age_at_diagnosis_max,0.3276,
HAD_SURGERY,stage2,semantic,treatment_no,0.4788,,treatment_not_provided,0.4761,,disease,0.4179,,treatment_end,0.3815,,treatment_status,0.3592,
HEPATECTOMY,stage3,value_std,treatment_type,1.0,Partial hepatectomy,,,,,,,,,,,,
HER2_VITAL_STATUS,stage2,semantic,vital_status,0.6168,,vital_status_ontology_term_id,0.4166,,cancer_status,0.3468,,age_at_death_max,0.2754,,age_at_metastasis_max,0.2715,
HISPANIC,stage2,semantic,ancestry,0.4828,,ancestry_details,0.3736,,country,0.3156,,location,0.303,,age_group,0.2848,
HIST_SUBTYPE1,stage3,ontology,cancer_type,1.0,HIST_SUBTYPE1,disease,1.0,HIST_SUBTYPE1,cancer_type_details,1.0,HIST_SUBTYPE1,,,,,,
HIST_SUBTYPE2,stage3,ontology,cancer_type,0.9091,HIST_SUBTYPE2,disease,0.9091,HIST_SUBTYPE2,cancer_type_details,0.9091,HIST_SUBTYPE2,,,,,,
HISTOLOGICAL_DIAGNOSIS,stage3,ontology,cancer_type,1.0,HISTOLOGICAL_DIAGNOSIS,disease,1.0,HISTOLOGICAL_DIAGNOSIS,cancer_type_details,1.0,HISTOLOGICAL_DIAGNOSIS,,,,,,
HISTOLOGICAL_SUBTYPE,stage3,ontology,cancer_type,1.0,HISTOLOGICAL_SUBTYPE,disease,1.0,HISTOLOGICAL_SUBTYPE,cancer_type_details,1.0,HISTOLOGICAL_SUBTYPE,,,,,,
HISTOLOGICAL_TYPE,stage3,ontology,cancer_type,1.0,HISTOLOGICAL_TYPE,disease,1.0,HISTOLOGICAL_TYPE,cancer_type_details,1.0,HISTOLOGICAL_TYPE,,,,,,
HISTOLOGY_DIAGNOSIS,stage3,ontology,cancer_type,1.0,HISTOLOGY_DIAGNOSIS,disease,1.0,HISTOLOGY_DIAGNOSIS,cancer_type_details,1.0,HISTOLOGY_DIAGNOSIS,,,,,,
HISTOLOGY_SUBTYPE,stage3,ontology,cancer_type,1.0,HISTOLOGY_SUBTYPE,disease,1.0,HISTOLOGY_SUBTYPE,cancer_type_details,1.0,HISTOLOGY_SUBTYPE,,,,,,
HISTORY_HORMONAL_CONTRACEPTIVES_USE,stage2,semantic,treatment_dose_unit,0.2085,,sex,0.2085,,treatment_not_collected,0.2053,,treatment_notes,0.1899,,treatment_dose,0.1874,
HISTORY_IMMUNOSUPPRESIVE_DX,stage3,ontology,treatment_name,1.0,HISTORY_IMMUNOSUPPRESIVE_DX,,,,,,,,,,,,
HISTORY_IMMUNOSUPPRESSIVE_TX_OTHER,stage3,ontology,treatment_name,1.0,HISTORY_IMMUNOSUPPRESSIVE_TX_OTHER,,,,,,,,,,,,
HISTORY_IONIZING_RT_TO_HEAD,stage2,semantic,treatment_dose_unit,0.2187,,treatment_start_unit,0.1854,,treatment_dose_unit_ontology_term_id,0.1708,,treatment_end_unit,0.1661,,treatment_not_collected,0.1609,
HISTORY_MENOPAUSAL_HORMONE_THERAPY,stage2,semantic,treatment_type,0.3767,,treatment_name,0.3693,,treatment_no,0.3292,,treatment_reason,0.3127,,treatment_notes,0.3095,
HISTORY_NEOADJUVANT_MEDICATION,stage2,semantic,treatment_name,0.4974,,treatment_type,0.4305,,treatment_dose,0.4101,,treatment_notes,0.3892,,treatment_status,0.388,
HISTORY_NEOADJUVANT_STEROID_TX,stage2,semantic,treatment_name,0.373,,treatment_dose,0.3378,,cancer_status,0.3266,,cancer_type_details,0.3238,,treatment_status,0.3185,
HISTORY_NEOADJUVANT_TRTYN,stage2,semantic,ancestry,0.2918,,treatment_name,0.2724,,treatment_group,0.2607,,ancestry_details,0.2561,,cancer_type,0.2412,
HISTORY_NEOADJUVANT_TX_TYPE,stage3,value_std,treatment_type,1.0,Chemotherapy,,,,,,,,,,,,
HISTORY_OF_UNDESCENDED_TESTIS,stage3,value_std,sex,1.0,MALE,,,,,,,,,,,,
HISTORY_REFLUX_DISEASE_TREATMENT,stage2,semantic,treatment_name,0.4413,,treatment_type,0.4213,,treatment_notes,0.3982,,treatment_no,0.3822,,treatment_status,0.3571,
HORMONE_THERAPY,stage2,semantic,treatment_name,0.4488,,treatment_type,0.4464,,treatment_no,0.4205,,treatment_dose,0.4177,,treatment_reason,0.3996,
HYPERTENSION_DIAGNOSIS,stage2,semantic,age_at_diagnosis,0.2882,,disease,0.2527,,age_at_diagnosis_min,0.2314,,age_at_diagnosis_max,0.2239,,cancer_status,0.1994,
HYSTERECTOMY_TYPE,stage3,value_std,treatment_type,1.0,Simple Hysterectomy,,,,,,,,,,,,
ICI,stage3,ontology,treatment_name,1.0,ICI,,,,,,,,,,,,
IFN_TX_90_DAYS_PRIOR_TO_RESECTION,stage2,semantic,treatment_duration,0.3213,,treatment_duration_unit,0.3103,,treatment_duration_unit_ontology_term_id,0.3096,,treatment_status,0.2785,,treatment_not_collected,0.2769,
IHC_SUBTYPE,stage2,semantic,cancer_subtype,0.462,,cancer_subtype_ontology_term_id,0.3998,,sample_type_ontology_term_id,0.3375,,sample_type,0.3197,,cancer_type,0.3142,
IMMUNE_TREATMENT,stage3,ontology,treatment_name,1.0,IMMUNE_TREATMENT,,,,,,,,,,,,
IMMUNOSUPPRESSION,stage2,semantic,treatment_name,0.3325,,disease,0.3247,,treatment_status,0.3113,,treatment_type,0.3062,,treatment_dose_unit_ontology_term_id,0.293,
IMMUNOTHERAPY,stage2,semantic,treatment_name,0.4432,,treatment_type,0.4235,,treatment_no,0.4094,,disease,0.4087,,treatment_not_provided,0.3792,
INCIDENTAL_PROSTATE_CANCER,stage3,value_std,sex,1.0,MALE,,,,,,,,,,,,
INDUCTION,stage3,ontology,treatment_name,1.0,INDUCTION,,,,,,,,,,,,
INFERRED_ETHNICITY,stage2,semantic,ancestry,0.5765,,ancestry_details,0.528,,ancestry_details_ontology_term_id,0.4092,,ancestry_ontology_term_id,0.402,,country,0.3034,
INITIAL_DIAGNOSIS_OF_RECURRENT_TUMORS,stage3,ontology,cancer_type,1.0,INITIAL_DIAGNOSIS_OF_RECURRENT_TUMORS,disease,1.0,INITIAL_DIAGNOSIS_OF_RECURRENT_TUMORS,cancer_type_details,1.0,INITIAL_DIAGNOSIS_OF_RECURRENT_TUMORS,,,,,,
INITIAL_DIAGNOSIS_TYPE,stage2,semantic,age_at_diagnosis,0.5011,,age_at_diagnosis_max,0.4407,,disease,0.4178,,age_at_diagnosis_min,0.4106,,cancer_type_details,0.4094,
INITIAL_RX,stage3,value_std,treatment_type,1.0,whole brain radiation therapy,,,,,,,,,,,,
INITIAL_TREATMENT,stage3,value_std,treatment_type,0.875,Chemotherapy,,,,,,,,,,,,
INTEGRATED_PHENOTYPE,stage2,semantic,cancer_subtype,0.4604,,cancer_subtype_ontology_term_id,0.3753,,cancer_type,0.3501,,cancer_type_details_ontology_term_id,0.3338,,cancer_type_details,0.3263,
INTERFERON_ALPHA,stage2,semantic,treatment_name,0.2586,,treatment_no,0.2548,,treatment_group,0.2327,,treatment_end,0.2326,,disease,0.2201,
INTESTINAL_TYPE_SUBCLASS,stage2,semantic,cancer_subtype,0.4686,,cancer_type,0.4041,,cancer_subtype_ontology_term_id,0.401,,cancer_type_details,0.3661,,cancer_type_details_ontology_term_id,0.3617,
INTRAVESICAL_TREATMENT,stage2,semantic,treatment_type,0.4597,,treatment_not_provided,0.4482,,treatment_name,0.4456,,treatment_not_applicable,0.4438,,treatment_no,0.443,
INVASIVE_CARCINOMA_DX_AGE,stage2,numeric,age_at_metastasis,0.6343,,age_at_metastasis_max,0.6251,,age_at_metastasis_min,0.6119,,age_at_death_max,0.5404,,age_at_diagnosis,0.5364,
IO_DRUG,stage3,ontology,treatment_name,1.0,IO_DRUG,,,,,,,,,,,,
IO_LINE,stage2,semantic,location,0.2653,,body_site,0.2253,,treatment_end_unit,0.2116,,treatment_number_unit,0.2046,,vital_status,0.1921,
IO_REGIMEN_MONOTHERAPY_VS_COMBINATION,stage2,semantic,treatment_type,0.4402,,treatment_name,0.4254,,treatment_no,0.3883,,treatment_status,0.387,,treatment_dose,0.3842,
IO_THERAPY,stage3,ontology,treatment_name,1.0,IO_THERAPY,,,,,,,,,,,,
IO_TX,stage2,semantic,location,0.3309,,body_site,0.275,,body_site_ontology_term_id,0.2363,,country,0.2284,,sex_ontology_term_id,0.2127,
IPCHEMO_FIRST_CRS,stage2,semantic,treatment_start,0.1678,,body_site,0.1429,,age_at_death_min,0.1391,,treatment_start_unit,0.1364,,age_at_metastasis_min,0.1319,
KINASE_INHIBITOR,stage2,semantic,treatment_name,0.3671,,treatment_no,0.3297,,treatment_group,0.296,,cancer_type,0.2846,,treatment_type,0.2686,
LAST_STATUS,stage3,value_std,vital_status,0.5,ALIVE,sample_type,0.5,"ALIVE, DISTANT METASTASIS",,,,,,,,,
LAUREN_CLASS,stage2,semantic,sex,0.289,,cancer_type,0.2775,,specimen_type,0.2458,,cancer_subtype,0.2373,,treatment_group,0.2118,
LFS_STATUS,stage2,semantic,treatment_status,0.3385,,cancer_status,0.2936,,vital_status,0.2383,,treatment_status_ontology_term_id,0.2289,,cancer_status_ontology_term_id,0.2199,
LINEAGE_SUB_SUBTYPE,stage2,semantic,cancer_subtype,0.5622,,cancer_subtype_ontology_term_id,0.4873,,ancestry_details_ontology_term_id,0.3837,,ancestry_ontology_term_id,0.3821,,ancestry,0.3495,
LINEAGE_SUBTYPE,stage3,ontology,cancer_type,1.0,LINEAGE_SUBTYPE,disease,1.0,LINEAGE_SUBTYPE,cancer_type_details,1.0,LINEAGE_SUBTYPE,,,,,,
LINES_OF_TX,stage2,semantic,location,0.2255,,body_site,0.1873,,sample_type,0.1736,,oncotree_code,0.1579,,sex,0.1558,
LINES_OF_TX_PRIOR_IMPACT,stage2,semantic,target_condition,0.2387,,target_condition_ontology_term_id,0.1644,,treatment_dose_unit_ontology_term_id,0.1083,,treatment_duration_unit_ontology_term_id,0.1067,,treatment_dose,0.0973,
LOCALIZED_TUMOR,stage2,semantic,cancer_type_details,0.5134,,cancer_type,0.4772,,cancer_status,0.4732,,cancer_subtype,0.4694,,age_at_metastasis,0.3161,
LOCALIZED_VS_METS_AT_DX,stage2,semantic,location,0.2488,,location_ontology_term_id,0.1806,,country,0.1331,,country_ontology_term_id,0.1031,,target_condition_ontology_term_id,0.0986,
LOCATION,stage1,std_exact,location,1.0,,,,,,,,,,,,,
LOCATION_LUNG_PARENCHYMA,stage2,semantic,location,0.3321,,location_ontology_term_id,0.2559,,cancer_type_details,0.2331,,cancer_type,0.2205,,cancer_status,0.2032,
LOCATION_RECURRED,stage3,ontology,body_site,0.8889,LOCATION_RECURRED,,,,,,,,,,,,
MAINTENANCE_TX,stage2,semantic,treatment_status,0.2425,,treatment_end_unit,0.2325,,vital_status_ontology_term_id,0.2099,,treatment_number_unit,0.207,,treatment_start_unit,0.2039,
MARGINS_INVOLVED_HYSTERECTOMY,stage2,semantic,sex,0.174,,body_site,0.1632,,cancer_type_details,0.1432,,age_at_metastasis,0.1422,,age_at_metastasis_max,0.1362,
MCRC_TYPE,stage2,semantic,cancer_type,0.3355,,sample_type,0.3232,,cancer_subtype,0.2884,,treatment_type,0.2643,,cancer_type_details,0.2595,
MDS_TYPE,stage3,value_std,treatment_status,1.0,PRIMARY,,,,,,,,,,,,
MEDICATION,stage3,ontology,treatment_name,1.0,MEDICATION,,,,,,,,,,,,
METASTASECTOMY,stage2,numeric,age_at_metastasis,0.661,,age_at_metastasis_min,0.6021,,age_at_metastasis_max,0.58,,treatment_end,0.2419,,treatment_start,0.2069,
METASTASECTOMY_SITE,stage3,ontology,body_site,1.0,METASTASECTOMY_SITE,,,,,,,,,,,,
METASTATIC_RADIATION_THERAPY,stage2,semantic,age_at_metastasis,0.4601,,age_at_metastasis_max,0.4229,,treatment_dose,0.4195,,age_at_metastasis_min,0.4184,,treatment_name,0.3894,
METASTATIC_SITE,stage3,ontology,body_site,1.0,METASTATIC_SITE,,,,,,,,,,,,
METS_SITES_AT_METS_ABST_OVARY,stage3,value_std,sex,1.0,FEMALE,,,,,,,,,,,,
METS_SITES_AT_METS_DX_OVARY,stage3,value_std,sex,1.0,FEMALE,,,,,,,,,,,,
MICROTUBULE_TX,stage2,semantic,body_site,0.211,,specimen_type,0.1885,,treatment_end_unit,0.1589,,body_site_ontology_term_id,0.1531,,treatment_name,0.1523,
MONTHS_ON_TREATMENT,stage2,numeric,treatment_duration,0.8097,,treatment_start,0.7345,,treatment_frequency,0.7246,,treatment_end,0.6954,,treatment_dose,0.5882,
MORPHOLOGY_SUBTYPE,stage2,semantic,cancer_subtype,0.4638,,cancer_subtype_ontology_term_id,0.4301,,specimen_type_ontology_term_id,0.4117,,specimen_type,0.4078,,cancer_type_details_ontology_term_id,0.3256,
MOST_RECENT_TREATMENT_DURATION,stage2,numeric,treatment_duration,1.042,,treatment_frequency,0.7873,,treatment_end,0.7227,,treatment_dose,0.5975,,treatment_number,0.5547,
MOST_RECENT_TREATMENT_TYPE,stage3,value_std,treatment_type,1.0,Bone Marrow Transplant,,,,,,,,,,,,
MULTIPLE_TUMOR_LOCATIONS,stage2,semantic,cancer_type_details,0.5536,,cancer_subtype,0.5043,,cancer_type,0.4703,,cancer_status,0.429,,location,0.3233,
MUTATION_PHENOTYPE,stage2,semantic,cancer_subtype,0.4524,,cancer_type,0.3833,,cancer_type_details,0.3369,,disease,0.3118,,cancer_subtype_ontology_term_id,0.3019,
NEOADJ_CHEMO,stage2,semantic,treatment_name,0.3874,,cancer_status,0.3705,,cancer_type,0.3635,,treatment_group,0.3464,,treatment_no,0.3313,
NEOADJ_CHEMOAGENT,stage2,semantic,treatment_name,0.4287,,treatment_group,0.3572,,treatment_no,0.3522,,cancer_status,0.3459,,treatment_dose,0.3451,
NEOADJ_CHEMOCYCLES,stage2,semantic,treatment_name,0.2892,,cancer_subtype,0.2857,,cancer_type,0.2753,,cancer_type_details,0.2668,,cancer_status,0.2629,
NEOADJUVANT,stage2,semantic,treatment_name,0.3589,,cancer_type,0.3284,,treatment_group,0.3084,,cancer_status,0.3,,treatment_type,0.2943,
NEOADJUVANT_CHEMO,stage2,semantic,cancer_type,0.4727,,cancer_status,0.4466,,treatment_name,0.44,,cancer_type_details,0.4324,,cancer_subtype,0.407,
NEOADJUVANT_CHEMOTHERAPY,stage2,semantic,cancer_status,0.5077,,cancer_type,0.4928,,cancer_type_details,0.4761,,cancer_subtype,0.4204,,treatment_name,0.4082,
NEOADJUVANT_IMMUNOTHERAPY,stage2,semantic,treatment_name,0.3675,,cancer_type,0.3495,,cancer_status,0.3444,,treatment_type,0.3396,,treatment_no,0.3296,
NEOADJUVANT_TARGETED,stage2,semantic,target_condition,0.4138,,treatment_name,0.3489,,treatment_dose,0.3126,,treatment_no,0.297,,treatment_type,0.2918,
NEOADJUVANT_THERAPY,stage2,semantic,treatment_name,0.4862,,treatment_type,0.4469,,treatment_no,0.4417,,treatment_dose,0.4413,,treatment_status,0.4219,
NEOADJUVANT_TREATMENT_DETAILS,stage2,semantic,treatment_name,0.5232,,treatment_status,0.52,,treatment_dose,0.4833,,treatment_type,0.4824,,treatment_no,0.4581,
NEOADJUVANT_XRT,stage2,semantic,cancer_type,0.3305,,treatment_name,0.2909,,cancer_status,0.2845,,cancer_subtype,0.2818,,cancer_type_details,0.2783,
NGS_PRIOR_THERAPY,stage2,semantic,treatment_name,0.4565,,treatment_notes,0.4485,,treatment_start,0.4399,,treatment_status,0.4397,,treatment_group,0.4383,
NONINVASIVE_BLADDER_CA_TX_TYPE,stage2,semantic,treatment_type,0.3587,,cancer_type,0.3478,,cancer_type_details,0.3424,,treatment_not_provided,0.3001,,specimen_type,0.2941,
NOREPINEPHRINE,stage2,semantic,treatment_name,0.3442,,treatment_no,0.3247,,treatment_type,0.2691,,treatment_name_ontology_term_id,0.2664,,treatment_end,0.2569,
NUCLEOSIDE_TX,stage2,semantic,oncotree_code,0.259,,specimen_type,0.2408,,cancer_type,0.2399,,treatment_dose_unit_ontology_term_id,0.2268,,treatment_dose_unit,0.2263,
NUM_LINES,stage2,semantic,treatment_number_unit,0.2159,,sample_type,0.2159,,age_group,0.1995,,sex,0.184,,treatment_number,0.1825,
NUM_LINES_CHEMO,stage2,semantic,sample_type,0.3089,,treatment_number_unit,0.303,,treatment_number,0.2844,,treatment_dose_unit,0.2739,,cancer_type,0.2625,
NUM_LINES_HORMONE,stage2,semantic,treatment_number_unit,0.2792,,treatment_dose_unit,0.2525,,treatment_end_unit,0.2295,,treatment_frequency_unit,0.2189,,treatment_number,0.2174,
NUM_LINES_IMMUNO,stage2,semantic,treatment_number_unit,0.3177,,treatment_number,0.2933,,cancer_type_details,0.2811,,treatment_end_unit,0.2766,,treatment_dose_unit,0.2739,
NUM_LINES_IODINE,stage2,semantic,treatment_number_unit,0.2918,,treatment_dose_unit,0.2507,,treatment_number,0.2203,,treatment_end_unit,0.2197,,sample_type,0.21,
NUM_LINES_NTRK,stage2,semantic,treatment_number_unit,0.225,,sample_type,0.2158,,sex,0.1912,,treatment_number,0.1764,,age_group,0.169,
NUM_LINES_TARGETED,stage2,semantic,target_condition,0.3091,,sample_type,0.1954,,treatment_number_unit,0.1826,,treatment_number,0.1634,,treatment_dose_unit,0.1542,
NUM_PRIOR_THERAPIES,stage2,numeric,treatment_dose,0.4204,,treatment_start,0.3972,,treatment_number,0.3733,,treatment_duration,0.3449,,treatment_end,0.3182,
NUMBER_OF_CYCLES_FLUORO-PYRIMIDINE,stage2,numeric,treatment_frequency,0.329,,treatment_number,0.2615,,treatment_dose,0.2394,,age_at_metastasis_max,0.2233,,treatment_duration,0.2173,
NUMBER_OF_CYCLES_PEMBROLIZUMAB,stage2,numeric,treatment_frequency,0.3647,,treatment_number,0.3449,,treatment_dose,0.3126,,treatment_duration,0.295,,treatment_end,0.2416,
NUMBER_OF_CYCLES_PLATINUM,stage2,numeric,treatment_frequency,0.3178,,treatment_number,0.2546,,age_at_metastasis_max,0.2291,,treatment_dose,0.2272,,treatment_duration,0.2193,
NUMBER_OF_CYCLES_TRASTUZUMAB,stage2,numeric,treatment_frequency,0.3203,,treatment_number,0.3108,,treatment_dose,0.249,,treatment_duration,0.243,,treatment_end,0.1848,
NUMBER_OF_LINES_OF_TREATMENT_FOR_MET_DISEASE,stage2,numeric,treatment_frequency,0.471,,treatment_number,0.4648,,treatment_dose,0.4585,,treatment_duration,0.4378,,treatment_end,0.3754,
NUMBER_OF_PD1_INHIBITOR_INJECTIONS,stage2,numeric,treatment_dose,0.3794,,treatment_number,0.35,,treatment_duration,0.2719,,treatment_start,0.2461,,treatment_frequency,0.2426,
OFF_TREATMENT,stage2,semantic,treatment_end,0.674,,treatment_no,0.6398,,treatment_start,0.6374,,treatment_status,0.6035,,treatment_not_provided,0.6005,
ON_TREATMENT,stage1,std_fuzzy,treatment_no,0.9167,,,,,,,,,,,,,
ONGOING_TREATMENT,stage2,semantic,treatment_end,0.7278,,treatment_status,0.7046,,treatment_no,0.6766,,treatment_not_provided,0.6709,,treatment_start,0.659,
ORAL_CONTRACEPTION,stage2,semantic,sex,0.3143,,treatment_no,0.214,,sample_type,0.2067,,treatment_notes,0.1978,,treatment_dose_unit,0.1892,
ORIGINAL_DIAGNOSIS_AT_IMPLANT,stage3,ontology,cancer_type,1.0,ORIGINAL_DIAGNOSIS_AT_IMPLANT,disease,1.0,ORIGINAL_DIAGNOSIS_AT_IMPLANT,cancer_type_details,1.0,ORIGINAL_DIAGNOSIS_AT_IMPLANT,,,,,,
OS_FROM_PD1I_STATUS,stage2,semantic,treatment_status_ontology_term_id,0.234,,treatment_start_unit_ontology_term_id,0.23,,treatment_status,0.2284,,treatment_number_unit_ontology_term_id,0.2219,,body_site_ontology_term_id,0.219,
OS_NEO_STATUS,stage2,semantic,cancer_status,0.374,,treatment_status,0.3254,,cancer_status_ontology_term_id,0.2809,,treatment_status_ontology_term_id,0.2407,,vital_status,0.2236,
OS_STATUS,stage2,semantic,treatment_status,0.4105,,cancer_status,0.368,,vital_status,0.333,,vital_status_ontology_term_id,0.2317,,treatment_status_ontology_term_id,0.2248,
OS_STATUS_DMT,stage2,semantic,treatment_status,0.3125,,cancer_status,0.302,,treatment_dose_unit_ontology_term_id,0.2959,,vital_status_ontology_term_id,0.2748,,cancer_status_ontology_term_id,0.2706,
OS_STATUS_IO,stage2,semantic,treatment_status,0.3631,,vital_status,0.3302,,vital_status_ontology_term_id,0.3035,,cancer_status,0.289,,treatment_status_ontology_term_id,0.2666,
OS_STATUS_SORAFENIB,stage2,semantic,treatment_status,0.3749,,cancer_status,0.305,,treatment_no,0.2867,,treatment_status_ontology_term_id,0.2599,,treatment_name,0.2559,
OTHER_CONCURRENT_THERAPY,stage2,semantic,treatment_reason,0.5309,,treatment_type,0.5271,,treatment_name,0.5092,,treatment_no,0.4978,,treatment_end,0.4931,
OTHER_CYTOTOXIC_TX,stage2,semantic,cancer_type_details,0.3643,,cancer_type,0.3541,,treatment_name,0.3118,,cancer_status,0.3023,,cancer_subtype,0.3009,
OTHER_HYSTERECTOMY_TYPE,stage2,semantic,treatment_type,0.3828,,cancer_type,0.3312,,cancer_type_details,0.329,,treatment_name,0.2666,,cancer_subtype,0.2412,
OXALIPLATIN_TX,stage2,semantic,treatment_name,0.3367,,treatment_dose,0.2874,,treatment_notes,0.2739,,treatment_status,0.27,,treatment_type,0.266,
PAM50_SUBTYPE,stage3,ontology,cancer_type,1.0,PAM50_SUBTYPE,disease,1.0,PAM50_SUBTYPE,cancer_type_details,1.0,PAM50_SUBTYPE,,,,,,
PARTICIPANT_COUNTRY,stage3,value_std,country,0.9,BULGARIA,,,,,,,,,,,,
PATHOLOGICAL_DIAGNOSIS,stage3,ontology,cancer_type,1.0,PATHOLOGICAL_DIAGNOSIS,disease,1.0,PATHOLOGICAL_DIAGNOSIS,cancer_type_details,1.0,PATHOLOGICAL_DIAGNOSIS,,,,,,
PATHOLOGY_CLASSIFICATION,stage3,ontology,cancer_type,1.0,PATHOLOGY_CLASSIFICATION,disease,1.0,PATHOLOGY_CLASSIFICATION,cancer_type_details,1.0,PATHOLOGY_CLASSIFICATION,,,,,,
PATIENT_AGE_AT_DIAGNOSIS,stage2,numeric,age_at_diagnosis,1.0784,,age_at_diagnosis_max,0.9792,,age_at_diagnosis_min,0.9569,,age_at_metastasis,0.7323,,age_at_metastasis_min,0.7221,
PATIENT_TO_UNDERGO_SURGERY,stage2,semantic,treatment_not_provided,0.3764,,treatment_type,0.3205,,treatment_status,0.3176,,treatment_no,0.3167,,treatment_not_applicable,0.2949,
PD1_INHIBITOR,stage3,ontology,treatment_name,1.0,PD1_INHIBITOR,,,,,,,,,,,,
PD1_INHIBITOR_CONCURRENTLY_WITH_BCNU/CCNU,stage2,semantic,treatment_no,0.2915,,treatment_start,0.2766,,treatment_name,0.2668,,treatment_dose,0.2534,,treatment_not_applicable,0.2534,
PD1_INHIBITOR_CONCURRENTLY_WITH_BEV,stage2,semantic,treatment_start,0.3147,,treatment_name,0.2896,,treatment_no,0.2801,,treatment_start_unit,0.2778,,treatment_not_applicable,0.2525,
PD1_INHIBITOR_CONCURRENTLY_WITH_DC_VAX,stage2,semantic,treatment_start,0.2954,,treatment_name,0.2749,,treatment_no,0.2659,,treatment_start_unit,0.2638,,treatment_dose,0.2564,
PD1_INHIBITOR_CONCURRENTLY_WITH_NOVO-TTF,stage2,semantic,treatment_start,0.28,,treatment_no,0.2676,,treatment_name,0.2518,,treatment_start_unit,0.2176,,treatment_start_unit_ontology_term_id,0.2106,
PD1_INHIBITOR_CONCURRENTLY_WITH_RE-IRRADIATION,stage2,semantic,treatment_dose,0.3991,,treatment_name,0.3798,,treatment_no,0.3675,,treatment_dose_unit,0.3641,,treatment_start,0.3382,
PD1_INHIBITOR_CONCURRENTLY_WITH_TEMODAR,stage2,semantic,treatment_name,0.3192,,treatment_start,0.3033,,treatment_no,0.2907,,treatment_dose,0.2903,,treatment_start_unit,0.2612,
PD1_INHIBITOR_DRUG,stage3,ontology,treatment_name,1.0,PD1_INHIBITOR_DRUG,,,,,,,,,,,,
PD1_INHIBITOR_STARTED_FOR_PD,stage2,semantic,treatment_start,0.3555,,treatment_name,0.3428,,treatment_start_unit,0.3117,,treatment_start_unit_ontology_term_id,0.272,,treatment_dose,0.2614,
PD1_INHIBITOR_WITH_CELECOXIB,stage2,semantic,treatment_name,0.2781,,treatment_start,0.2408,,treatment_no,0.2167,,treatment_dose,0.1856,,treatment_end,0.1773,
PD1_INHIBITOR_WITH_IMATINIB,stage2,semantic,treatment_name,0.3265,,treatment_start,0.3149,,treatment_no,0.2661,,treatment_dose,0.2559,,treatment_start_unit,0.2505,
PERSON_NEOPLASM_CANCER_STATUS,stage3,value_std,cancer_status,1.0,WITH TUMOR,,,,,,,,,,,,
PFS_STATUS_IO,stage2,semantic,treatment_status,0.3344,,cancer_status,0.301,,vital_status,0.275,,vital_status_ontology_term_id,0.2575,,cancer_status_ontology_term_id,0.2522,
PFS_STATUS_SORAFENIB_TREATMENT,stage2,semantic,treatment_status,0.4679,,treatment_no,0.4511,,treatment_not_applicable,0.4049,,treatment_not_provided,0.3994,,treatment_type,0.399,
PHARM_TX_MITOTANE_ADJUVANT,stage2,semantic,treatment_name,0.3554,,treatment_dose,0.3472,,treatment_type,0.3049,,treatment_status,0.2975,,treatment_dose_unit,0.2864,
PHARM_TX_MITOTANE_FOR_MACRO_DISEASE,stage2,semantic,treatment_name,0.3064,,treatment_dose,0.281,,treatment_type,0.2734,,disease,0.2717,,treatment_no,0.2703,
PHARM_TX_MITOTANE_INDICATOR,stage2,semantic,treatment_dose_unit_ontology_term_id,0.3165,,treatment_dose_unit,0.3034,,treatment_number_unit,0.27,,treatment_status,0.2651,,treatment_status_ontology_term_id,0.2578,
PHARMACEUTICAL_TX_ADJUVANT,stage2,semantic,treatment_name,0.3982,,treatment_dose,0.3584,,treatment_type,0.3424,,treatment_group,0.3276,,treatment_status,0.3222,
PLATINUM_OS_STATUS,stage2,semantic,treatment_status,0.3537,,cancer_status,0.3173,,treatment_status_ontology_term_id,0.2265,,cancer_status_ontology_term_id,0.2109,,treatment_no,0.2032,
PLATINUM_TX,stage2,semantic,location,0.3487,,country,0.2249,,sex,0.1988,,body_site,0.1959,,treatment_group,0.1943,
POAR_COMBINED_CTLA_PD1,stage2,semantic,treatment_number_unit_ontology_term_id,0.2211,,treatment_number_unit,0.2113,,treatment_dose_unit_ontology_term_id,0.2081,,treatment_end_unit_ontology_term_id,0.2053,,treatment_start_unit_ontology_term_id,0.2038,
POST_MAPK_TX,stage2,semantic,location,0.1935,,body_site,0.1685,,sex,0.1675,,country,0.1434,,sex_ontology_term_id,0.1139,
POST_SAMPLE_CHEMOTHERAPY,stage2,semantic,cancer_status,0.461,,treatment_dose,0.4446,,treatment_not_collected,0.4178,,treatment_status,0.4119,,cancer_type_details,0.4036,
POST_SAMPLE_IMMUNOTHERAPY,stage2,semantic,treatment_not_collected,0.4056,,sample_type,0.3684,,treatment_dose,0.3512,,treatment_dose_unit,0.3394,,treatment_name,0.3352,
POST_SAMPLE_TARGETED,stage2,semantic,sample_type,0.5525,,target_condition,0.393,,specimen_type,0.2641,,location,0.2382,,study_design,0.2285,
POST_SAMPLE_TX,stage2,semantic,sample_type,0.5109,,body_site,0.2755,,specimen_type,0.2537,,sample_type_ontology_term_id,0.1986,,study_design,0.1912,
POST_SAMPLE_XRT,stage2,semantic,sample_type,0.5024,,specimen_type,0.265,,study_design,0.225,,sample_type_ontology_term_id,0.2144,,treatment_dose_unit,0.2034,
POSTOPERATIVE_TX,stage2,semantic,treatment_end,0.3124,,treatment_no,0.3047,,treatment_status,0.2916,,treatment_type,0.2874,,treatment_notes,0.276,
PRD_CHEMOTHERAPY,stage2,semantic,cancer_status,0.4739,,cancer_type,0.4344,,treatment_dose,0.4299,,treatment_status,0.42,,cancer_type_details,0.4194,
PRD_HISPANIC,stage2,semantic,ancestry,0.3275,,ancestry_details,0.2712,,location,0.2311,,age_group,0.2231,,ancestry_ontology_term_id,0.2214,
PRD_HORMONE_THERAPY,stage2,semantic,treatment_dose,0.3738,,treatment_status,0.3477,,treatment_type,0.3442,,treatment_name,0.3437,,treatment_no,0.3394,
PRD_OTHER_CANCER_RADIATION,stage2,semantic,cancer_status,0.4757,,cancer_type_details,0.468,,cancer_type,0.4562,,cancer_subtype,0.3794,,treatment_dose,0.3348,
PRD_OTHER_THERAPY,stage2,semantic,treatment_reason,0.4676,,treatment_name,0.4656,,treatment_no,0.4628,,treatment_type,0.4627,,treatment_end,0.4575,
PRD_PROSTATECTOMY,stage3,value_std,sex,1.0,MALE,,,,,,,,,,,,
PRD_RACE,stage3,value_std,ancestry_details,1.0,CHINESE,,,,,,,,,,,,
PRD_RADIATION,stage2,semantic,treatment_dose_unit,0.342,,treatment_dose,0.3063,,cancer_status,0.2761,,treatment_status,0.2624,,treatment_frequency_unit,0.2544,
PRD_RADIATION_SURGERY,stage2,semantic,treatment_dose,0.3199,,treatment_dose_unit,0.3137,,treatment_status,0.3093,,cancer_status,0.3,,treatment_no,0.2896,
PRD_SURGERY,stage2,semantic,treatment_status,0.3036,,treatment_no,0.2982,,disease,0.2951,,treatment_end,0.2891,,treatment_not_provided,0.2782,
PRD_TREATED_AT_ENROLLMENT,stage2,semantic,treatment_status,0.4172,,treatment_dose_unit,0.3457,,treatment_not_provided,0.3436,,treatment_number_unit,0.3379,,treatment_group,0.3325,
PRE_SAMPLE_CHEMOTHERAPY,stage2,semantic,cancer_status,0.4012,,treatment_dose,0.3842,,treatment_start,0.3745,,treatment_notes,0.3673,,cancer_type,0.3623,
PRE_SAMPLE_IMMUNOTHERAPY,stage2,semantic,treatment_not_collected,0.3588,,sample_type,0.3578,,treatment_start,0.3393,,treatment_start_unit,0.3257,,treatment_dose_unit,0.322,
PRE_SAMPLE_TARGETED,stage2,semantic,sample_type,0.5362,,target_condition,0.457,,specimen_type,0.2766,,target_condition_ontology_term_id,0.2666,,study_design,0.2422,
PRE_SAMPLE_TX,stage2,semantic,sample_type,0.5193,,specimen_type,0.2774,,study_design,0.2086,,target_condition,0.208,,sample_type_ontology_term_id,0.2065,
PRE_SAMPLE_XRT,stage2,semantic,sample_type,0.4797,,specimen_type,0.2565,,target_condition,0.2262,,treatment_start_unit,0.2193,,treatment_number_unit,0.2069,
PREDOM_HISTO_SUBTYPE,stage2,semantic,cancer_subtype,0.426,,cancer_subtype_ontology_term_id,0.342,,cancer_type,0.2815,,sex_ontology_term_id,0.2549,,cancer_type_details,0.2498,
PREDOMINANT_HISTOLOGIC_SUBTYPE,stage2,semantic,cancer_subtype,0.561,,cancer_type_details,0.4528,,cancer_subtype_ontology_term_id,0.4496,,cancer_type,0.4439,,cancer_type_details_ontology_term_id,0.3738,
PRETREATED,stage2,semantic,treatment_start,0.3559,,treatment_status,0.3333,,treatment_type,0.3304,,sex,0.3298,,treatment_no,0.322,
PRETREATMENT_HISTORY,stage2,semantic,ancestry_details,0.3272,,ancestry,0.301,,treatment_start,0.2593,,country_ontology_term_id,0.2223,,treatment_start_unit,0.2171,
PREVIOUS_MAPKI,stage2,semantic,location,0.2433,,sex,0.2258,,age_group,0.1944,,sex_ontology_term_id,0.1894,,oncotree_code,0.1888,
PREVIOUS_TREATMENT,stage2,semantic,treatment_no,0.6771,,treatment_name,0.6729,,treatment_type,0.6574,,treatment_not_provided,0.6519,,treatment_not_applicable,0.6426,
PRIMARY_DIAGNOSIS,stage3,ontology,cancer_type,1.0,PRIMARY_DIAGNOSIS,disease,1.0,PRIMARY_DIAGNOSIS,cancer_type_details,1.0,PRIMARY_DIAGNOSIS,,,,,,
PRIMARY_MELANOMA_SKIN_TYPE,stage3,ontology,body_site,1.0,PRIMARY_MELANOMA_SKIN_TYPE,,,,,,,,,,,,
PRIMARY_RADIATION_THERAPY,stage2,semantic,treatment_dose,0.4901,,treatment_dose_unit,0.447,,treatment_name,0.4263,,treatment_type,0.4184,,treatment_no,0.3816,
PRIMARY_SITE,stage3,ontology,body_site,0.9167,PRIMARY_SITE,,,,,,,,,,,,
PRIMARY_SITE_PATIENT,stage3,ontology,body_site,1.0,PRIMARY_SITE_PATIENT,,,,,,,,,,,,
PRIMARY_SURGERY,stage2,semantic,treatment_no,0.3234,,treatment_type,0.2739,,treatment_not_provided,0.273,,treatment_end,0.2723,,treatment_end_unit,0.2645,
PRIMARY_TUMOR_LOCALIZATION_TYPE,stage3,ontology,body_site,1.0,PRIMARY_TUMOR_LOCALIZATION_TYPE,,,,,,,,,,,,
PRIMARY_TUMOR_LOCATION,stage3,ontology,body_site,1.0,PRIMARY_TUMOR_LOCATION,,,,,,,,,,,,
PRIMARY_TYPE,stage3,ontology,body_site,1.0,PRIMARY_TYPE,,,,,,,,,,,,
PRIOR_ADJUVANT_CHEMO,stage2,semantic,cancer_type,0.3369,,treatment_name,0.3271,,cancer_status,0.3227,,treatment_dose,0.3187,,cancer_type_details,0.3157,
PRIOR_INTRAVESICAL_CHEMOTHERAPY,stage2,semantic,cancer_status,0.385,,cancer_type_details,0.3691,,cancer_type,0.3396,,treatment_name,0.3051,,cancer_subtype,0.2985,
PRIOR_LINES,stage2,semantic,target_condition,0.2144,,sample_type,0.2011,,specimen_type,0.1899,,location,0.1794,,ancestry,0.1745,
PRIOR_LINES_OF_THERAPY,stage2,semantic,treatment_notes,0.595,,treatment_name,0.5769,,treatment_start,0.5642,,treatment_type,0.5623,,treatment_reason,0.5458,
PRIOR_MALIGNANCY_RADIATION_TX,stage2,semantic,cancer_type_details,0.5053,,cancer_status,0.5026,,cancer_type,0.4634,,cancer_subtype,0.4005,,cancer_status_ontology_term_id,0.3248,
PRIOR_MAPK_TX,stage2,semantic,target_condition,0.2125,,target_condition_ontology_term_id,0.1977,,location,0.1827,,location_ontology_term_id,0.1713,,vital_status_ontology_term_id,0.1576,
PRIOR_SYSTEMIC_THERAPIES,stage2,semantic,treatment_type,0.4931,,treatment_name,0.4923,,treatment_start,0.4517,,treatment_no,0.449,,treatment_not_applicable,0.4416,
PRIOR_THERAPY,stage2,semantic,treatment_type,0.5559,,treatment_name,0.5503,,treatment_reason,0.5348,,treatment_start,0.5284,,treatment_notes,0.5184,
PRIOR_TREATMENT,stage3,value_std,treatment_status,1.0,prior therapy,,,,,,,,,,,,
PRIOR_TREATMENT_OF_CYTOTOXIC_CHEMOTHERAPY,stage2,numeric,treatment_dose,0.4439,,treatment_number,0.3478,,treatment_start,0.3388,,treatment_duration,0.3305,,treatment_end,0.3164,
PRIOR_TX_TO_IMPACT_SAMPLE,stage2,semantic,target_condition,0.2985,,sample_type,0.2926,,target_condition_ontology_term_id,0.2353,,sample_type_ontology_term_id,0.1986,,treatment_dose_unit_ontology_term_id,0.1861,
PRIORRADIATIONFOROTHERCANCER,stage2,semantic,treatment_name,0.3156,,treatment_dose,0.299,,treatment_dose_unit,0.2918,,treatment_dose_unit_ontology_term_id,0.2764,,cancer_status,0.2701,
PROCEDURE,stage2,semantic,treatment_status,0.3431,,treatment_notes,0.3392,,treatment_type,0.3318,,treatment_end_unit,0.3294,,treatment_end,0.3273,
PROCEDURE_TYPE,stage3,value_std,treatment_type,0.75,resection,treatment_status,0.5,resection,specimen_type,0.5,resection,,,,,,
PROTOCOL_AND_TREATMENT_ARM,stage2,semantic,treatment_status,0.6036,,treatment_type,0.5784,,treatment_name,0.577,,treatment_end_unit,0.5494,,treatment_notes,0.5487,
R_CHOP_LIKE_CHEMO,stage2,semantic,treatment_group,0.2839,,cancer_type,0.2831,,treatment_no,0.2807,,treatment_end,0.2724,,treatment_name,0.2681,
RACE,stage3,value_std,ancestry_details,0.9412,SOUTH ASIAN,,,,,,,,,,,,
RACE_CATEGORIZED,stage2,semantic,ancestry,0.3749,,age_group,0.3003,,ancestry_ontology_term_id,0.3002,,ancestry_details,0.2915,,ancestry_details_ontology_term_id,0.286,
RACE_CATEGORY,stage2,semantic,ancestry,0.427,,ancestry_ontology_term_id,0.3332,,ancestry_details,0.3211,,ancestry_details_ontology_term_id,0.3121,,sex_ontology_term_id,0.2995,
RADADJUVANTRX,stage2,semantic,treatment_name,0.3605,,treatment_no,0.3077,,treatment_dose,0.3071,,treatment_group,0.2959,,treatment_type,0.2928,
RADIATION,stage2,semantic,treatment_dose_unit,0.3321,,cancer_status,0.3143,,cancer_type,0.3123,,treatment_dose,0.3011,,cancer_type_details,0.2845,
RADIATION_DOSE,stage2,numeric,treatment_dose,0.8179,,treatment_number,0.4992,,treatment_frequency,0.4432,,treatment_duration,0.3503,,treatment_end,0.2499,
RADIATION_DOSE_PELVIC_NODES_PRIMARY_TUMOR.,stage2,semantic,cancer_status,0.4026,,cancer_type_details,0.3936,,treatment_dose,0.374,,treatment_dose_unit,0.3714,,cancer_type,0.359,
RADIATION_OR_CHEMOTHERAPY,stage2,semantic,cancer_type,0.5551,,cancer_status,0.5421,,cancer_type_details,0.5361,,treatment_type,0.5122,,treatment_dose,0.4759,
RADIATION_OTHER,stage2,semantic,cancer_type,0.3221,,treatment_dose_unit,0.305,,cancer_type_details,0.2877,,treatment_dose,0.2704,,cancer_status,0.2627,
RADIATION_SITE,stage2,semantic,location,0.3641,,treatment_dose_unit,0.3362,,body_site,0.328,,treatment_dose,0.2513,,treatment_end_unit,0.2478,
RADIATION_THERAPY,stage3,value_std,treatment_status,1.0,Performed,,,,,,,,,,,,
RADIATION_THERAPY_DOSE_PARAAORTIC_NODES,stage2,numeric,treatment_dose,0.6929,,treatment_number,0.4525,,treatment_frequency,0.3425,,treatment_duration,0.2907,,treatment_end,0.2395,
RADIATION_THERAPY_XRT_TYPE,stage2,semantic,treatment_type,0.5105,,cancer_type,0.4483,,treatment_dose_unit,0.4449,,cancer_type_details,0.4224,,treatment_dose,0.4212,
RADIATION_TREATMENT_ADJUVANT,stage3,value_std,treatment_type,1.0,"Radiation Therapy, Unspecified",treatment_status,1.0,"Radiation Therapy, Unspecified",,,,,,,,,
RADIATION_TYPE,stage2,semantic,cancer_type,0.5219,,cancer_type_details,0.4753,,specimen_type,0.4693,,treatment_type,0.4614,,cancer_subtype,0.3563,
RADIATION_TYPE_OTHER,stage2,semantic,cancer_type,0.4735,,treatment_type,0.4482,,specimen_type,0.4287,,cancer_type_details,0.4258,,treatment_dose_unit,0.3131,
RADIO_THERAPY,stage2,semantic,treatment_type,0.4143,,treatment_dose_unit,0.4082,,treatment_name,0.3906,,treatment_dose,0.389,,treatment_no,0.3749,
RADIOTHERAPY,stage2,semantic,treatment_dose,0.5138,,treatment_dose_unit,0.4981,,treatment_name,0.4534,,treatment_type,0.4523,,treatment_no,0.4463,
RADIOTHERAPY_FRACTIONS,stage2,semantic,treatment_dose_unit,0.5628,,treatment_dose,0.5446,,treatment_number_unit,0.4695,,treatment_number,0.46,,treatment_frequency_unit,0.417,
RADIOTHERAPY_TX,stage2,semantic,treatment_dose,0.4696,,treatment_dose_unit,0.4583,,treatment_name,0.4136,,treatment_type,0.4068,,cancer_type,0.3852,
REASON_FOR_TX_DISCONTINUATION,stage3,value_std,treatment_status,1.0,On Treatment,,,,,,,,,,,,
RECEIVED_IO_AFTER_1ST_LINE,stage2,semantic,treatment_start_unit,0.2074,,treatment_start,0.1788,,treatment_end_unit,0.1761,,vital_status,0.1755,,treatment_number_unit,0.1645,
RECEIVED_TARGETED_TX,stage2,semantic,target_condition,0.3214,,target_condition_ontology_term_id,0.2169,,location,0.1981,,treatment_dose_unit_ontology_term_id,0.1644,,body_site,0.1503,
REPORTED_ETHNICITY,stage3,value_std,ancestry_details,1.0,HISPANIC OR LATINO,,,,,,,,,,,,
RESIDUAL_NODAL_DISEASE,stage2,semantic,disease,0.3768,,treatment_status,0.321,,treatment_no,0.321,,treatment_not_provided,0.3141,,age_at_diagnosis,0.308,
RFS_STATUS,stage2,semantic,treatment_status,0.3311,,cancer_status,0.3228,,vital_status,0.3183,,vital_status_ontology_term_id,0.2882,,treatment_status_ontology_term_id,0.2421,
RT_TX_REASON_NOT_COMPLETED,stage2,semantic,treatment_reason,0.2039,,treatment_reason_ontology_term_id,0.1893,,treatment_not_applicable,0.1881,,treatment_not_provided,0.1625,,target_condition_ontology_term_id,0.1598,
RT_TX_REASON_NOT_COMPLETED_OTHER,stage2,semantic,treatment_reason,0.2188,,treatment_not_applicable,0.2053,,treatment_reason_ontology_term_id,0.1995,,treatment_not_provided,0.1764,,treatment_not_collected,0.1747,
RT_TX_TOTAL_DOSE_TO_PELVIS,stage2,numeric,treatment_dose,0.6353,,treatment_number,0.3954,,treatment_frequency,0.2961,,treatment_duration,0.294,,treatment_end,0.2213,
SALICYLATES,stage2,semantic,treatment_name,0.2292,,treatment_type,0.2125,,treatment_no,0.2054,,treatment_notes,0.2036,,country,0.2015,
SALVAGE_CHEMO,stage2,semantic,cancer_status,0.421,,treatment_no,0.3776,,treatment_not_collected,0.3769,,cancer_type,0.3753,,treatment_status,0.3566,
SAMPLE_CLASS,stage3,value_std,specimen_type,0.8333,Resection,,,,,,,,,,,,
SAMPLE_TYPE,stage1,std_exact,sample_type,1.0,,,,,,,,,,,,,
SECOND_LINE_TC_OR_SURGERY,stage3,value_std,treatment_status,1.0,Surgery,,,,,,,,,,,,
SEX,stage1,std_exact,sex,1.0,,,,,,,,,,,,,
SORAFENIB_TREATMENT,stage2,semantic,treatment_no,0.5068,,treatment_name,0.4962,,treatment_type,0.4463,,treatment_dose,0.4298,,treatment_end,0.4278,
SOURCE_TYPE,stage3,ontology,body_site,1.0,SOURCE_TYPE,,,,,,,,,,,,
SPECIAL_HISTOLOGY,stage2,semantic,cancer_type_details,0.4345,,disease,0.4148,,cancer_status,0.4048,,cancer_type,0.3884,,cancer_status_ontology_term_id,0.3479,
SPECIFIC_DX_AT_ACQUISITION_MDSMPN,stage2,semantic,treatment_dose_unit_ontology_term_id,0.2529,,target_condition_ontology_term_id,0.2087,,target_condition,0.2052,,treatment_number_unit_ontology_term_id,0.192,,treatment_dose_unit,0.1809,
SPECIFIC_DX_AT_INCLUSION,stage3,ontology,cancer_type,0.7778,SPECIFIC_DX_AT_INCLUSION,disease,0.7778,SPECIFIC_DX_AT_INCLUSION,cancer_type_details,0.7778,SPECIFIC_DX_AT_INCLUSION,,,,,,
SPECIFIC_TUMOR_LOCATION,stage3,ontology,body_site,1.0,SPECIFIC_TUMOR_LOCATION,,,,,,,,,,,,
SPECIMEN_TYPE,stage1,std_exact,specimen_type,1.0,,,,,,,,,,,,,
STATUS,stage3,value_std,vital_status,1.0,DEAD,,,,,,,,,,,,
STEROIDS,stage2,semantic,sex,0.3645,,disease,0.3398,,treatment_reason,0.3002,,treatment_type,0.2708,,treatment_name,0.2686,
STEROIDS_GT_10MG_DAILY,stage2,semantic,treatment_dose,0.4873,,treatment_dose_unit,0.4088,,treatment_no,0.3696,,treatment_name,0.2969,,treatment_frequency,0.2946,
STEROIDS_WHEN_STARTED_PD1_INHIBITOR,stage2,semantic,treatment_start,0.3378,,treatment_name,0.337,,treatment_dose,0.2813,,treatment_no,0.278,,treatment_start_unit,0.2747,
STREOIDS_DURING_PD1_INHIBITOR,stage2,semantic,treatment_name,0.2876,,treatment_start,0.2665,,treatment_notes,0.2455,,treatment_no,0.2415,,treatment_start_unit,0.2242,
SUBSEQUENT_RX,stage3,value_std,treatment_type,1.0,whole brain radiation therapy as salvage,,,,,,,,,,,,
SUBTYPE,stage3,ontology,cancer_type,1.0,SUBTYPE,disease,1.0,SUBTYPE,cancer_type_details,1.0,SUBTYPE,,,,,,
SUBTYPE_ABBREVIATION,stage3,ontology,cancer_type,1.0,SUBTYPE_ABBREVIATION,disease,1.0,SUBTYPE_ABBREVIATION,cancer_type_details,1.0,SUBTYPE_ABBREVIATION,,,,,,
SUBTYPE_CONSENSUS,stage2,semantic,cancer_subtype,0.4976,,cancer_subtype_ontology_term_id,0.3968,,sample_type,0.3465,,sample_type_ontology_term_id,0.3253,,cancer_type,0.3145,
SUBTYPE_DETAILS,stage3,ontology,cancer_type,0.75,SUBTYPE_DETAILS,disease,0.75,SUBTYPE_DETAILS,cancer_type_details,0.75,SUBTYPE_DETAILS,,,,,,
SUBTYPE_GROUP,stage2,semantic,cancer_subtype,0.5764,,cancer_subtype_ontology_term_id,0.433,,treatment_group,0.407,,sample_type,0.371,,age_group,0.3689,
SURGERY,stage3,value_std,treatment_type,1.0,Mastectomy,,,,,,,,,,,,
SURGERY NUMBER,stage2,numeric,treatment_number,0.5765,,treatment_end,0.2427,,treatment_dose,0.238,,age_at_metastasis,0.2264,,age_at_metastasis_max,0.2196,
SURGERY_ADVANCED_DISEASE,stage2,semantic,disease,0.456,,cancer_status,0.3594,,treatment_status,0.3349,,disease_ontology_term_id,0.3308,,age_at_diagnosis,0.3229,
SURGERY_AT_DX,stage3,value_std,treatment_type,1.0,MASTECTOMY,,,,,,,,,,,,
SURGERY_DATE_RELATIVE_TO_DX_MONTHS,stage2,numeric,treatment_duration,0.4225,,age_at_metastasis,0.2854,,age_at_diagnosis,0.2725,,age_at_metastasis_max,0.2705,,age_at_metastasis_min,0.2689,
SURGERY_FOR_POSITIVE_MARGINS,stage3,value_std,treatment_type,1.0,Lumpectomy,,,,,,,,,,,,
SURGERY_FOR_POSITIVE_MARGINS_OTHER,stage3,value_std,treatment_type,1.0,Mastectomy,specimen_type,0.5,surgical resection,treatment_status,0.5,surgical resection,,,,,,
SURGERY_INDICATION,stage3,value_std,sample_type,1.0,Relapse,,,,,,,,,,,,
SURGERY_PROCEDURE,stage2,semantic,treatment_no,0.3622,,treatment_not_provided,0.3549,,treatment_end,0.3375,,treatment_type,0.3368,,treatment_status,0.3274,
SURGERY_TYPE,stage2,semantic,treatment_type,0.5879,,cancer_type,0.5472,,cancer_type_details,0.5079,,specimen_type,0.4292,,cancer_subtype,0.3935,
SURGICAL_APPROACH_AT_DIAGNOSIS,stage2,semantic,age_at_diagnosis,0.4525,,age_at_diagnosis_min,0.3596,,treatment_type,0.3498,,treatment_status,0.3469,,age_at_diagnosis_max,0.3449,
SURGICAL_PROCEDURE_FIRST,stage3,value_std,treatment_type,1.0,Lumpectomy,,,,,,,,,,,,
SURVIVAL_STATUS,stage3,value_std,vital_status,1.0,DEAD,,,,,,,,,,,,
SYSTEMIC_CHEMO,stage2,semantic,cancer_type,0.4168,,cancer_type_details,0.3851,,cancer_status,0.3696,,treatment_name,0.3685,,treatment_type,0.3601,
SYSTEMIC_THERAPY,stage2,semantic,treatment_type,0.5779,,treatment_name,0.573,,treatment_end,0.537,,treatment_no,0.5305,,treatment_reason,0.5149,
SYSTEMIC_TREATMENT,stage3,ontology,treatment_name,1.0,SYSTEMIC_TREATMENT,,,,,,,,,,,,
TARGET_THERAPY,stage2,semantic,treatment_name,0.5512,,treatment_reason,0.5154,,treatment_type,0.5118,,treatment_group,0.4916,,target_condition,0.4905,
TARGETED_MOLECULAR_THERAPY,stage2,semantic,treatment_name,0.4591,,treatment_dose,0.4018,,treatment_type,0.3778,,treatment_group,0.361,,treatment_end,0.3552,
TARGETED_THERAPY,stage2,semantic,treatment_name,0.5942,,treatment_type,0.5431,,treatment_dose,0.5166,,treatment_reason,0.4921,,treatment_no,0.488,
TARGETED_TX,stage2,semantic,target_condition,0.4137,,target_condition_ontology_term_id,0.2753,,location,0.2523,,sample_type,0.2122,,sex,0.2021,
TAXANE_TX,stage2,semantic,location,0.3361,,ancestry,0.2709,,country,0.261,,ancestry_ontology_term_id,0.244,,ancestry_details,0.2387,
TERT_ALKYLATING_TX,stage2,semantic,oncotree_code,0.1934,,cancer_type,0.1557,,sample_type,0.1533,,cancer_type_details,0.14,,cancer_type_details_ontology_term_id,0.1393,
TERT_ANTHRACYCLINE_TX,stage2,semantic,treatment_name,0.3223,,treatment_dose,0.3178,,cancer_type,0.3131,,treatment_dose_unit,0.292,,treatment_number,0.2893,
TERT_ANTIMETABOLITE_TX,stage2,semantic,treatment_type,0.202,,cancer_type,0.1796,,treatment_no,0.1783,,treatment_not_applicable,0.174,,treatment_notes,0.1565,
TERT_CARBOLATIN_TX,stage2,semantic,cancer_type,0.2074,,oncotree_code,0.203,,treatment_no,0.2017,,location,0.1828,,treatment_notes,0.1761,
TERT_CISPLATIN_TX,stage2,semantic,cancer_type,0.2563,,cancer_type_details,0.2397,,cancer_type_ontology_term_id,0.2267,,cancer_type_details_ontology_term_id,0.2256,,treatment_group,0.2251,
TERT_CYTOTOXIC_TX,stage2,semantic,cancer_type,0.3617,,cancer_type_details,0.3441,,treatment_name,0.3092,,cancer_status,0.3075,,treatment_dose,0.2969,
TERT_IO_TX,stage2,semantic,oncotree_code,0.1767,,body_site,0.1695,,body_site_ontology_term_id,0.1498,,vital_status_ontology_term_id,0.1363,,sex_ontology_term_id,0.1329,
TERT_MICROTUBULE_TX,stage2,semantic,specimen_type,0.1774,,cancer_type,0.1552,,body_site,0.1486,,treatment_dose_unit,0.1484,,treatment_dose,0.1402,
TERT_OTHER_CYTOTOXIC_TX,stage2,semantic,cancer_type,0.3961,,cancer_type_details,0.3783,,treatment_name,0.3256,,cancer_subtype,0.3228,,treatment_type,0.3137,
TERT_OXALIPLATIN_TX,stage2,semantic,treatment_name,0.2534,,treatment_notes,0.2488,,treatment_dose,0.247,,cancer_type,0.2383,,treatment_type,0.2349,
TERT_PLATINUM_TX,stage2,semantic,oncotree_code,0.2178,,cancer_type,0.2115,,specimen_type,0.1828,,treatment_no,0.1812,,sample_type,0.1802,
TERT_TARGETED_TX,stage2,semantic,target_condition,0.3218,,target_condition_ontology_term_id,0.2247,,sample_type,0.1704,,cancer_type,0.1679,,oncotree_code,0.1562,
TERT_TAXANE_TX,stage2,semantic,treatment_dose_unit_ontology_term_id,0.2228,,cancer_type,0.2227,,oncotree_code,0.2159,,specimen_type_ontology_term_id,0.2096,,cancer_type_ontology_term_id,0.2094,
TERT_TOPO_I_INH_TX,stage2,semantic,oncotree_code,0.2446,,body_site,0.2118,,location,0.1882,,country_ontology_term_id,0.1619,,body_site_ontology_term_id,0.1587,
TERT_TOPO_II_INH_TX,stage2,semantic,oncotree_code,0.2326,,body_site,0.2019,,treatment_dose_unit_ontology_term_id,0.1931,,treatment_end_unit_ontology_term_id,0.1866,,treatment_start_unit_ontology_term_id,0.1864,
TESTES_SITE_OF_RELAPSE,stage3,value_std,sex,1.0,MALE,,,,,,,,,,,,
TESTICULAR_INVOLVEMENT,stage3,value_std,sex,1.0,FEMALE,,,,,,,,,,,,
TESTIS_TUMOR_MACROEXTENT,stage3,value_std,sex,1.0,MALE,,,,,,,,,,,,
THERAPIES,stage2,semantic,treatment_name,0.5104,,treatment_type,0.4948,,treatment_group,0.4703,,treatment_notes,0.4648,,treatment_reason,0.4596,
THERAPY,stage3,ontology,treatment_name,1.0,THERAPY,,,,,,,,,,,,
THERAPY_PRIOR_TO_DERIVATION,stage3,ontology,treatment_name,1.0,THERAPY_PRIOR_TO_DERIVATION,,,,,,,,,,,,
THIRD_LINE,stage3,ontology,treatment_name,1.0,THIRD_LINE,,,,,,,,,,,,
TIMING_OTHER_NOTES,stage2,semantic,treatment_notes,0.3868,,treatment_duration_unit,0.1977,,study_design,0.1944,,treatment_duration,0.1876,,sex,0.1666,
TISSUE_SITE,stage3,value_std,specimen_type,1.0,PERIPHERAL BLOOD,,,,,,,,,,,,
TISSUE_SITE_OF_DERIVATION,stage3,ontology,body_site,1.0,TISSUE_SITE_OF_DERIVATION,,,,,,,,,,,,
TISSUE_TYPE,stage3,ontology,body_site,1.0,TISSUE_TYPE,,,,,,,,,,,,
TKI_TREATMENT,stage2,semantic,treatment_no,0.4407,,treatment_type,0.4325,,treatment_name,0.42,,treatment_notes,0.4026,,treatment_not_provided,0.4006,
TMZ_CYCLES,stage2,semantic,treatment_frequency_unit,0.2351,,treatment_frequency,0.2201,,treatment_dose_unit,0.1829,,treatment_dose,0.1696,,location,0.1652,
TMZ_TREATMENT,stage2,semantic,treatment_no,0.5051,,treatment_name,0.4819,,treatment_type,0.4673,,treatment_dose,0.4587,,treatment_not_provided,0.4401,
TOPO_I_TX,stage2,semantic,location,0.3059,,body_site,0.247,,country,0.2293,,body_site_ontology_term_id,0.2169,,location_ontology_term_id,0.2168,
TOPO_II_TX,stage2,semantic,location,0.2893,,body_site,0.2295,,body_site_ontology_term_id,0.2289,,location_ontology_term_id,0.2087,,country_ontology_term_id,0.2007,
TOTAL_CYCLES_NUM_NEOADJUVANT_ADJUVANT,stage2,numeric,treatment_dose,0.3554,,treatment_number,0.3108,,treatment_frequency,0.297,,treatment_duration,0.2812,,treatment_end,0.2607,
TOTAL_TIME_PERIOD_MONTHS,stage2,numeric,treatment_duration,0.497,,treatment_frequency,0.4293,,treatment_end,0.3104,,treatment_dose,0.1649,,age_at_procurement_max,0.1507,
TRANSPLANT_TYPE,stage2,semantic,treatment_type,0.5728,,cancer_type,0.4427,,specimen_type,0.4339,,treatment_name,0.4196,,treatment_group,0.3858,
TREATED_WITH_ICI,stage2,semantic,treatment_not_provided,0.5052,,treatment_no,0.4889,,treatment_not_applicable,0.4854,,treatment_status,0.4831,,treatment_name,0.4257,
TREATMENT,stage3,value_std,treatment_type,1.0,Chemotherapy,,,,,,,,,,,,
TREATMENT_ARM,stage2,semantic,treatment_name,0.6349,,treatment_end_unit,0.5914,,treatment_group,0.5883,,treatment_type,0.5851,,treatment_end,0.5679,
TREATMENT_AT_MSK,stage2,semantic,treatment_no,0.5249,,treatment_name,0.4807,,treatment_status,0.4726,,treatment_type,0.4524,,treatment_not_provided,0.4492,
TREATMENT_CATEGORY,stage2,semantic,treatment_type,0.7582,,treatment_group,0.7382,,treatment_name,0.7377,,treatment_status,0.693,,treatment_type_ontology_term_id,0.6478,
TREATMENT_CHANGED,stage2,semantic,treatment_no,0.6979,,treatment_name,0.6687,,treatment_status,0.6675,,treatment_not_provided,0.6393,,treatment_not_applicable,0.6301,
TREATMENT_CHEMOTHERAPY,stage2,semantic,treatment_name,0.5634,,treatment_dose,0.562,,treatment_type,0.5567,,cancer_status,0.5334,,treatment_status,0.5334,
TREATMENT_DETAIL_BEFORE_PDX,stage3,ontology,treatment_name,1.0,TREATMENT_DETAIL_BEFORE_PDX,,,,,,,,,,,,
TREATMENT_DETAILS,stage2,semantic,treatment_name,0.7656,,treatment_status,0.7655,,treatment_not_provided,0.7271,,treatment_notes,0.7257,,treatment_type,0.7219,
TREATMENT_GROUP,stage1,std_exact,treatment_group,1.0,,,,,,,,,,,,,
TREATMENT_HORMONE_THERAPY,stage2,semantic,treatment_name,0.5682,,treatment_type,0.5646,,treatment_dose,0.5506,,treatment_no,0.5215,,treatment_status,0.5185,
TREATMENT_ONGOING,stage2,semantic,treatment_end,0.7348,,treatment_status,0.6991,,treatment_no,0.6835,,treatment_not_provided,0.6709,,treatment_start,0.6491,
TREATMENT_PALLIATIVE_RADIATION,stage2,semantic,treatment_dose,0.4939,,treatment_name,0.4846,,treatment_status,0.4586,,treatment_type,0.4557,,treatment_end,0.4357,
TREATMENT_PRIOR_TO_RESECTION,stage3,value_std,treatment_type,1.0,Interferon therapy,,,,,,,,,,,,
TREATMENT_PRIOR_TO_SURGERY_INDICATOR,stage2,semantic,treatment_status,0.537,,treatment_notes,0.495,,treatment_start_unit,0.4641,,treatment_number_unit,0.4497,,treatment_end_unit,0.4394,
TREATMENT_PROSTATECTOMY,stage2,semantic,treatment_no,0.4544,,treatment_type,0.4401,,treatment_status,0.4374,,treatment_name,0.4299,,treatment_end,0.4146,
TREATMENT_RADIATION,stage2,semantic,treatment_dose,0.6172,,treatment_dose_unit,0.5982,,treatment_status,0.5866,,treatment_type,0.5862,,treatment_name,0.5743,
TREATMENT_SCHEDULE,stage2,numeric,treatment_duration,0.6804,,treatment_start,0.6522,,treatment_frequency,0.6514,,treatment_dose,0.5684,,treatment_number,0.5637,
TREATMENT_STATUS,stage1,std_exact,treatment_status,1.0,,,,,,,,,,,,,
TREATMENT_TYPE,stage1,std_exact,treatment_type,1.0,,,,,,,,,,,,,
TUMOR_LATERALITY,stage2,semantic,cancer_type_details,0.5425,,cancer_subtype,0.5413,,cancer_type,0.5183,,cancer_status,0.4761,,cancer_subtype_ontology_term_id,0.3647,
TUMOR_LEVEL,stage3,ontology,body_site,1.0,TUMOR_LEVEL,,,,,,,,,,,,
TUMOR_LOCATION,stage3,ontology,body_site,1.0,TUMOR_LOCATION,,,,,,,,,,,,
TUMOR_LOCATION_CONDENSED,stage3,ontology,body_site,1.0,TUMOR_LOCATION_CONDENSED,,,,,,,,,,,,
TUMOR_MEGASITE,stage3,ontology,body_site,1.0,TUMOR_MEGASITE,,,,,,,,,,,,
TUMOR_SAMPLE_PROCUREMENT_COUNTRY,stage3,value_std,location,0.6471,ONTARIO,,,,,,,,,,,,
TUMOR_SITE,stage3,ontology,body_site,1.0,TUMOR_SITE,,,,,,,,,,,,
TUMOR_SITE_CURATED,stage3,ontology,body_site,1.0,TUMOR_SITE_CURATED,,,,,,,,,,,,
TUMOR_SITE_DETAIL,stage3,ontology,body_site,1.0,TUMOR_SITE_DETAIL,,,,,,,,,,,,
TUMOR_SITE_SAMPLE,stage3,ontology,body_site,1.0,TUMOR_SITE_SAMPLE,,,,,,,,,,,,
TUMOR_SUBSITE,stage3,ontology,body_site,1.0,TUMOR_SUBSITE,,,,,,,,,,,,
TUMOR_SUPERSITE,stage3,ontology,body_site,1.0,TUMOR_SUPERSITE,,,,,,,,,,,,
TUMOR_SURGERY_NUMBER,stage2,semantic,cancer_type_details,0.5188,,treatment_number,0.5078,,cancer_status,0.5026,,cancer_type,0.4781,,cancer_subtype,0.4603,
TUMOR_TISSUE_ORIGIN,stage3,ontology,body_site,1.0,TUMOR_TISSUE_ORIGIN,,,,,,,,,,,,
TUMOR_TISSUE_SITE,stage3,ontology,body_site,1.0,TUMOR_TISSUE_SITE,,,,,,,,,,,,
TUMOR_TISSUE_SITE_PATIENT,stage2,semantic,cancer_type_details,0.5528,,cancer_type,0.5209,,cancer_status,0.5102,,cancer_subtype,0.4825,,age_at_metastasis,0.3802,
TX_17-DMAG,stage2,semantic,sex,0.2515,,sex_ontology_term_id,0.2466,,location,0.2447,,body_site_ontology_term_id,0.2303,,cancer_type_ontology_term_id,0.2115,
TX_19D12,stage2,semantic,location,0.3577,,location_ontology_term_id,0.2661,,body_site_ontology_term_id,0.2657,,sex,0.2581,,ancestry_ontology_term_id,0.252,
TX_90DAYS_POST_RESECTION,stage2,semantic,treatment_not_collected,0.2787,,treatment_duration_unit_ontology_term_id,0.2687,,treatment_duration_unit,0.2452,,treatment_duration,0.233,,vital_status_ontology_term_id,0.1932,
TX_ABRAXANE,stage2,semantic,treatment_name,0.277,,treatment_dose,0.2564,,treatment_group,0.2463,,treatment_no,0.2445,,location,0.2396,
TX_ABT-199,stage2,numeric,treatment_number,0.2764,,treatment_dose,0.1381,,treatment_end,0.1336,,age_at_death_max,0.1254,,age_at_death_min,0.0893,
TX_ABT-263,stage2,numeric,treatment_number,0.2698,,treatment_dose,0.1687,,age_at_death_max,0.1436,,age_at_procurement,0.1346,,age_at_procurement_max,0.1337,
TX_ACTINOMYCIN D,stage2,semantic,treatment_name,0.3529,,treatment_group,0.3122,,treatment_notes,0.3087,,disease,0.3082,,treatment_dose,0.3079,
TX_APLIDIN,stage2,semantic,location,0.3082,,treatment_name,0.281,,treatment_group,0.2661,,treatment_no,0.2529,,sex,0.2515,
TX_AZD-2171,stage2,semantic,location_ontology_term_id,0.3175,,treatment_number,0.3166,,location,0.3058,,body_site_ontology_term_id,0.2778,,treatment_number_unit,0.2719,
TX_AZD-6244,stage2,semantic,location,0.3138,,location_ontology_term_id,0.3058,,treatment_number,0.2955,,treatment_number_unit,0.275,,treatment_number_unit_ontology_term_id,0.2657,
TX_AZD1480,stage2,semantic,location,0.3175,,treatment_number,0.2935,,treatment_number_unit,0.2724,,treatment_number_unit_ontology_term_id,0.2386,,location_ontology_term_id,0.233,
TX_AZD8055,stage2,semantic,location,0.2786,,location_ontology_term_id,0.2381,,body_site_ontology_term_id,0.2195,,country_ontology_term_id,0.2168,,country,0.2136,
TX_BAL101553,stage2,semantic,location,0.2814,,body_site,0.2658,,body_site_ontology_term_id,0.2617,,treatment_number,0.2349,,sex_ontology_term_id,0.2136,
TX_BET_PRI_MET_SAMPLE_COLLECTION,stage2,semantic,sample_type,0.5348,,specimen_type,0.3262,,location,0.272,,treatment_not_collected,0.2609,,study_design,0.2515,
TX_BI6727 (VOLASERTIB),stage2,semantic,location,0.2404,,treatment_number,0.2379,,sex_ontology_term_id,0.2223,,treatment_number_unit,0.2203,,vital_status_ontology_term_id,0.2156,
TX_BMN-673,stage2,semantic,location,0.3163,,body_site_ontology_term_id,0.311,,treatment_number,0.2925,,location_ontology_term_id,0.2891,,treatment_number_unit_ontology_term_id,0.2838,
TX_BMS-354825,stage2,numeric,treatment_number,0.2614,,treatment_dose,0.1277,,age_at_procurement,0.1176,,age_at_procurement_max,0.1063,,age_at_procurement_min,0.0996,
TX_BMS-754807,stage2,semantic,treatment_number_unit_ontology_term_id,0.266,,treatment_number_unit,0.2658,,treatment_number,0.2634,,body_site_ontology_term_id,0.2613,,treatment_dose_unit_ontology_term_id,0.2282,
TX_BORTEZOMIB,stage2,semantic,body_site,0.322,,location,0.3112,,ancestry,0.2627,,country,0.254,,body_site_ontology_term_id,0.2516,
TX_CABOZANTINIB (XL-148),stage2,semantic,location,0.2495,,specimen_type,0.2379,,treatment_number,0.222,,sex_ontology_term_id,0.2202,,body_site_ontology_term_id,0.218,
TX_CBL0137,stage2,numeric,treatment_number,0.2933,,treatment_dose,0.1683,,treatment_start,0.1234,,treatment_end,0.0876,,age_at_procurement,0.0704,
TX_CDX-011 (GLEMBATUMUMAB),stage2,numeric,treatment_number,0.3108,,treatment_dose,0.2216,,treatment_start,0.1989,,treatment_end,0.1583,,age_at_diagnosis,0.101,
TX_CGC(PG)-11047,stage2,numeric,treatment_number,0.3168,,treatment_dose,0.1487,,age_at_procurement,0.1462,,age_at_procurement_min,0.1408,,age_at_procurement_max,0.1321,
TX_CISPLATIN,stage2,semantic,treatment_name,0.2984,,treatment_group,0.2983,,cancer_status,0.2829,,cancer_status_ontology_term_id,0.2804,,cancer_type,0.2792,
TX_CPX351,stage2,semantic,body_site_ontology_term_id,0.2784,,sample_type_ontology_term_id,0.2473,,sex_ontology_term_id,0.2402,,sample_type,0.21,,cancer_type_ontology_term_id,0.209,
TX_CX-5461 (POL1),stage2,semantic,body_site_ontology_term_id,0.2862,,treatment_number,0.2796,,treatment_number_unit_ontology_term_id,0.2787,,disease_ontology_term_id,0.2593,,location_ontology_term_id,0.2537,
TX_CYCLOPHOSPHAMIDE,stage2,semantic,treatment_name,0.3048,,treatment_dose,0.2619,,treatment_dose_unit_ontology_term_id,0.254,,treatment_name_ontology_term_id,0.2501,,treatment_no,0.2397,
TX_CYTARABINE,stage2,semantic,location,0.2753,,treatment_name,0.2711,,treatment_group,0.2655,,treatment_dose,0.2507,,cancer_type,0.2447,
TX_E7438/EPZ6438,stage2,numeric,treatment_number,0.1817,,age_at_death_max,0.1197,,age_at_death,0.1054,,age_at_procurement,0.0853,,age_at_procurement_max,0.0834,
TX_EC1456,stage2,semantic,location,0.307,,treatment_number,0.2521,,country,0.2224,,body_site,0.2215,,treatment_number_unit,0.2061,
TX_ERIBULIN,stage2,semantic,treatment_name,0.277,,location,0.2631,,cancer_type,0.2345,,treatment_group,0.221,,country,0.218,
TX_FENRETINIDE,stage2,semantic,location,0.3091,,treatment_name,0.2444,,country,0.2382,,treatment_dose,0.2169,,treatment_group,0.2137,
TX_GENZ-644282,stage2,semantic,location,0.2715,,sex_ontology_term_id,0.2513,,ancestry_ontology_term_id,0.246,,body_site_ontology_term_id,0.2458,,ancestry_details_ontology_term_id,0.2407,
TX_GS-9820,stage2,semantic,location,0.3355,,sex,0.2237,,age_group,0.2194,,country,0.2182,,treatment_number,0.2137,
TX_GSK690693,stage2,numeric,treatment_number,0.3155,,treatment_dose,0.1168,,treatment_end,0.0646,,treatment_start,0.0595,,age_at_death_max,0.0481,
TX_GSK923295A,stage2,numeric,treatment_number,0.2962,,treatment_dose,0.0992,,age_at_death_max,0.0714,,age_at_death,0.057,,treatment_end,0.0544,
TX_HGS-ETR1,stage2,semantic,body_site_ontology_term_id,0.186,,sex_ontology_term_id,0.1697,,body_site,0.1615,,sample_type_ontology_term_id,0.1495,,specimen_type_ontology_term_id,0.1235,
TX_IMC-A12,stage2,semantic,cancer_type_ontology_term_id,0.2224,,cancer_type_details_ontology_term_id,0.2223,,sample_type,0.2161,,body_site_ontology_term_id,0.2116,,cancer_subtype_ontology_term_id,0.2104,
TX_INDUCTION_COURSES_INDICATOR,stage2,semantic,treatment_dose_unit_ontology_term_id,0.2639,,target_condition_ontology_term_id,0.2557,,treatment_number_unit_ontology_term_id,0.2535,,vital_status_ontology_term_id,0.2492,,treatment_start_unit_ontology_term_id,0.2438,
TX_INK128-1110-028,stage2,numeric,treatment_number,0.2496,,age_at_procurement_min,0.0812,,age_at_death_max,0.0806,,age_at_death_min,0.0731,,age_at_procurement,0.0696,
TX_JNJ26481585,stage2,semantic,location,0.3025,,treatment_number,0.2832,,treatment_number_unit,0.2277,,location_ontology_term_id,0.2126,,body_site_ontology_term_id,0.208,
TX_JNJ26854165,stage2,semantic,location,0.3426,,treatment_number,0.2907,,location_ontology_term_id,0.2365,,body_site_ontology_term_id,0.2283,,treatment_number_unit,0.2268,
TX_KPT-330,stage2,semantic,location,0.229,,treatment_number,0.2033,,treatment_number_unit,0.1923,,body_site,0.1885,,location_ontology_term_id,0.1686,
TX_LAPATINIB,stage2,semantic,location,0.2931,,body_site,0.2338,,country,0.2243,,cancer_type,0.2014,,treatment_group,0.1952,
TX_LENOLIDAMIDE,stage2,semantic,treatment_name,0.3206,,treatment_dose,0.2785,,location,0.276,,treatment_no,0.2716,,treatment_number,0.2702,
TX_LINE,stage2,semantic,location,0.2565,,body_site,0.212,,sex,0.1933,,country,0.1733,,sample_type,0.1678,
TX_LOCATION,stage2,semantic,location,0.5138,,location_ontology_term_id,0.3369,,country,0.2831,,ancestry_details,0.2312,,ancestry,0.2225,
TX_LY 2606368,stage2,semantic,location,0.2842,,treatment_number,0.2682,,body_site_ontology_term_id,0.2401,,oncotree_code,0.2281,,location_ontology_term_id,0.2266,
TX_MAINTENANCE_COURSES_INDICATOR,stage2,semantic,vital_status_ontology_term_id,0.2792,,treatment_duration_unit_ontology_term_id,0.2638,,treatment_dose_unit_ontology_term_id,0.2584,,treatment_frequency_unit_ontology_term_id,0.2438,,cancer_status_ontology_term_id,0.2387,
TX_MK-2206,stage2,semantic,location,0.3045,,body_site_ontology_term_id,0.2275,,country,0.2139,,location_ontology_term_id,0.2077,,ancestry_ontology_term_id,0.2021,
TX_MK-8242,stage2,semantic,location,0.3049,,body_site_ontology_term_id,0.2312,,location_ontology_term_id,0.2233,,age_group,0.2182,,age_group_ontology_term_id,0.2139,
TX_MLN4924,stage2,semantic,location,0.2575,,treatment_number,0.2138,,cancer_subtype_ontology_term_id,0.2135,,treatment_number_unit,0.2056,,sample_type_ontology_term_id,0.2045,
TX_MLN8237,stage2,semantic,location,0.2525,,sex_ontology_term_id,0.2478,,body_site_ontology_term_id,0.2274,,treatment_number,0.2259,,cancer_subtype_ontology_term_id,0.2094,
TX_MM-141,stage2,semantic,location,0.2765,,treatment_number_unit,0.2522,,treatment_dose_unit,0.2463,,treatment_dose,0.2432,,sex,0.2321,
TX_NSC750854,stage2,semantic,body_site_ontology_term_id,0.2799,,sex_ontology_term_id,0.2648,,treatment_number_unit_ontology_term_id,0.2172,,treatment_number_unit,0.2081,,cancer_type_details_ontology_term_id,0.2078,
TX_PCI-32765,stage2,semantic,body_site_ontology_term_id,0.2384,,sex_ontology_term_id,0.2194,,treatment_number_unit_ontology_term_id,0.2048,,sample_type_ontology_term_id,0.2015,,location_ontology_term_id,0.2004,
TX_PF-03084014,stage2,numeric,treatment_number,0.2505,,age_at_procurement,0.1011,,age_at_procurement_min,0.1,,treatment_dose,0.0947,,age_at_procurement_max,0.0864,
TX_PIXANTRONE,stage2,numeric,treatment_number,0.1969,,treatment_dose,0.1926,,treatment_end,0.1054,,treatment_frequency,0.0998,,treatment_start,0.0771,
TX_PR-104,stage2,numeric,treatment_number,0.2884,,treatment_dose,0.1874,,age_at_procurement,0.1426,,age_at_procurement_max,0.1414,,age_at_procurement_min,0.1401,
TX_RAPAMYCIN,stage2,semantic,treatment_name,0.3766,,treatment_no,0.343,,treatment_end,0.2961,,treatment_dose,0.2947,,treatment_type,0.2901,
TX_REG,stage2,semantic,location,0.3274,,country,0.2596,,body_site,0.2435,,treatment_number,0.2349,,ancestry,0.2321,
TX_RG7112,stage2,semantic,location,0.2739,,sex_ontology_term_id,0.2523,,body_site_ontology_term_id,0.2468,,sex,0.2273,,body_site,0.227,
TX_RO4929097,stage2,semantic,location,0.3002,,treatment_number,0.2781,,body_site_ontology_term_id,0.2726,,oncotree_code,0.2522,,treatment_number_unit_ontology_term_id,0.2459,
TX_RUXOLITINIB,stage2,semantic,treatment_name,0.3305,,treatment_no,0.2855,,treatment_dose,0.2663,,treatment_group,0.2646,,treatment_end,0.2525,
TX_SAHA,stage2,semantic,location,0.4265,,country,0.3278,,sex,0.2632,,ancestry,0.2514,,body_site,0.2442,
TX_SAR3419,stage2,semantic,location,0.3396,,body_site_ontology_term_id,0.2767,,location_ontology_term_id,0.2757,,age_group_ontology_term_id,0.2596,,country_ontology_term_id,0.2562,
TX_SB-715992,stage2,numeric,treatment_number,0.2818,,treatment_dose,0.0741,,treatment_end,0.0508,,age_at_procurement,0.0368,,age_at_procurement_min,0.0318,
TX_SCH 727965,stage2,numeric,treatment_number,0.2945,,treatment_dose,0.0773,,age_at_death_max,0.0745,,age_at_death_min,0.0673,,age_at_procurement_min,0.067,
TX_SETTING,stage2,semantic,oncotree_code,0.1588,,body_site,0.1571,,location,0.1421,,body_site_ontology_term_id,0.1309,,target_condition,0.1254,
TX_SGI-1776,stage2,semantic,location,0.3209,,country,0.2356,,ancestry_details,0.2265,,ancestry,0.2184,,vital_status,0.1968,
TX_SGN-CD19A,stage2,semantic,location,0.2881,,treatment_dose_unit_ontology_term_id,0.2323,,treatment_number_unit,0.231,,treatment_number_unit_ontology_term_id,0.2278,,treatment_number,0.2276,
TX_SORAFENIB,stage2,semantic,location,0.304,,treatment_name,0.2475,,ancestry,0.2469,,country,0.2455,,body_site,0.2357,
TX_STA9090 (GANETESPIB),stage2,semantic,location,0.214,,sample_type,0.1603,,oncotree_code,0.1583,,treatment_number,0.1512,,ancestry_details,0.1509,
TX_STF-118804,stage2,semantic,location,0.2964,,treatment_number,0.2934,,treatment_number_unit,0.2777,,treatment_number_unit_ontology_term_id,0.2676,,body_site_ontology_term_id,0.2549,
TX_SU11248,stage2,semantic,location,0.2793,,body_site_ontology_term_id,0.2702,,sex_ontology_term_id,0.2325,,body_site,0.2239,,location_ontology_term_id,0.2171,
TX_SVV-001,stage2,semantic,treatment_number_unit,0.2034,,sex_ontology_term_id,0.1993,,body_site_ontology_term_id,0.1902,,treatment_number_unit_ontology_term_id,0.1864,,specimen_type,0.186,
TX_TAK-701,stage2,semantic,location,0.3197,,treatment_number,0.2474,,treatment_number_unit,0.2459,,body_site,0.2369,,treatment_number_unit_ontology_term_id,0.2158,
TX_TB-403,stage2,numeric,treatment_number,0.2456,,age_at_death_max,0.2066,,treatment_dose,0.2004,,age_at_diagnosis_max,0.1869,,age_at_procurement_max,0.1714,
TX_TL32711,stage2,semantic,body_site_ontology_term_id,0.2495,,sex_ontology_term_id,0.2382,,treatment_number_unit_ontology_term_id,0.2229,,sample_type_ontology_term_id,0.2195,,cancer_type_ontology_term_id,0.2172,
TX_TOPOTECAN,stage2,semantic,location,0.3096,,country,0.2438,,body_site,0.2177,,oncotree_code,0.205,,location_ontology_term_id,0.1932,
TX_TRISENOX(ATO),stage2,semantic,oncotree_code,0.3194,,location,0.2398,,location_ontology_term_id,0.2181,,treatment_status_ontology_term_id,0.2076,,body_site,0.1996,
TX_VINCRISTINE,stage2,semantic,location,0.2652,,treatment_name,0.2646,,treatment_number,0.2425,,ancestry,0.2128,,cancer_status_ontology_term_id,0.2123,
TX_VS-4718,stage2,numeric,age_at_death_max,0.1958,,treatment_number,0.1933,,age_at_procurement_max,0.1819,,age_at_procurement,0.1722,,age_at_death_min,0.1548,
TX_XL147,stage2,semantic,location,0.2949,,treatment_number,0.2902,,sample_type,0.2631,,sex_ontology_term_id,0.2598,,treatment_number_unit_ontology_term_id,0.2502,
TYPE,stage3,ontology,body_site,1.0,TYPE,,,,,,,,,,,,
TYPE_INDUCTION_TREATMENT,stage3,ontology,body_site,1.0,TYPE_INDUCTION_TREATMENT,,,,,,,,,,,,
TYPE_INDUCTION_TX,stage3,value_std,treatment_type,1.0,Targeted Therapy - Other,,,,,,,,,,,,
TYPE_OF_SURGERY,stage3,value_std,treatment_type,1.0,Mastectomy,,,,,,,,,,,,
TYPE_REFINED,stage3,ontology,body_site,0.5385,TYPE_REFINED,,,,,,,,,,,,
UV_RATE,stage2,numeric,treatment_frequency,0.3291,,treatment_dose,0.2685,,treatment_duration,0.1625,,treatment_number,0.1546,,age_at_death_max,0.1212,
VITAL_STATUS,stage1,std_exact,vital_status,1.0,,,,,,,,,,,,,
WEEKS_ON_STUDY,stage2,semantic,study_design,0.5321,,treatment_duration_unit,0.2963,,treatment_duration,0.2955,,treatment_duration_unit_ontology_term_id,0.2569,,treatment_frequency,0.2565,
WEEKS_ON_TREATMENT,stage2,numeric,treatment_duration,0.6851,,treatment_start,0.6012,,treatment_dose,0.585,,treatment_end,0.5554,,treatment_frequency,0.5463,
WHO_CLASS,stage3,ontology,cancer_type,1.0,WHO_CLASS,disease,1.0,WHO_CLASS,cancer_type_details,1.0,WHO_CLASS,,,,,,
WHO_CLASSIFICATION,stage3,ontology,cancer_type,1.0,WHO_CLASSIFICATION,disease,1.0,WHO_CLASSIFICATION,cancer_type_details,1.0,WHO_CLASSIFICATION,,,,,,
X2YR_AIS,stage2,semantic,location,0.2223,,body_site,0.1783,,sex_ontology_term_id,0.1692,,sex,0.164,,age_group,0.1444,
X2YR_ALKYLATING_AGENT,stage2,semantic,treatment_dose_unit,0.2332,,treatment_dose,0.2115,,treatment_name,0.1949,,treatment_end_unit,0.1867,,treatment_type,0.1835,
X2YR_ANTHRACYCLINE,stage2,semantic,treatment_name,0.3426,,cancer_type,0.3152,,treatment_dose,0.2952,,cancer_type_details,0.2804,,treatment_dose_unit,0.2662,
X2YR_ANTIHER2,stage2,semantic,cancer_type_ontology_term_id,0.2059,,cancer_subtype_ontology_term_id,0.1952,,cancer_type,0.1948,,treatment_dose,0.1866,,treatment_no,0.1852,
X2YR_CAPECITABINE,stage2,semantic,treatment_dose_unit,0.2492,,treatment_name,0.2489,,treatment_dose,0.2434,,location,0.2268,,sex,0.2098,
X2YR_CDK46,stage2,semantic,location,0.2279,,sex,0.2063,,cancer_type_ontology_term_id,0.2043,,cancer_subtype_ontology_term_id,0.2019,,cancer_type,0.1957,
X2YR_FULVESTRANT,stage2,semantic,treatment_dose_unit,0.2295,,specimen_type,0.2292,,body_site,0.2254,,location,0.2044,,treatment_group,0.2024,
X2YR_TAMOXIFEN,stage2,semantic,treatment_dose,0.3436,,treatment_name,0.3132,,treatment_no,0.3065,,cancer_type,0.3011,,cancer_type_details,0.2782,
X2YR_TAXANE,stage2,semantic,cancer_type,0.2942,,specimen_type_ontology_term_id,0.2916,,cancer_type_ontology_term_id,0.2827,,treatment_dose_unit_ontology_term_id,0.2689,,specimen_type,0.2666,
X2YR_VEGF_INHIBITOR,stage2,semantic,treatment_name,0.2504,,treatment_no,0.2441,,cancer_type,0.2246,,treatment_dose,0.2228,,cancer_subtype,0.2129,
XRT_TX,stage2,semantic,cancer_type,0.1693,,location,0.164,,cancer_type_ontology_term_id,0.1628,,sex_ontology_term_id,0.1586,,sample_type,0.1566,
YEAR_OF_SURGERY,stage2,numeric,age_at_diagnosis,0.3768,,age_at_metastasis,0.3753,,age_at_metastasis_max,0.361,,age_at_metastasis_min,0.3374,,age_at_diagnosis_max,0.3275,
